[{"__type__":"cc.AnimationClip","_name":"addAnim","_duration":0.9166666666666666,"wrapMode":2,"curveData":{"paths":{"node1":{"props":{"opacity":[{"frame":0.08333333333333333,"value":0},{"frame":0.25,"value":255},{"frame":0.4166666666666667,"value":255},{"frame":0.5833333333333334,"value":0}],"scale":[{"frame":0.08333333333333333,"value":{"__type__":"cc.Vec2","x":1,"y":1}},{"frame":0.5833333333333334,"value":{"__type__":"cc.Vec2","x":1.2,"y":1.2}}]}},"node2":{"props":{"opacity":[{"frame":0.25,"value":0},{"frame":0.4166666666666667,"value":255},{"frame":0.5833333333333334,"value":255},{"frame":0.75,"value":0}],"scale":[{"frame":0.25,"value":{"__type__":"cc.Vec2","x":1,"y":1}},{"frame":0.75,"value":{"__type__":"cc.Vec2","x":1.2,"y":1.2}}]}},"node3":{"props":{"opacity":[{"frame":0.4166666666666667,"value":0},{"frame":0.5833333333333334,"value":255},{"frame":0.75,"value":255},{"frame":0.9166666666666666,"value":0}],"scale":[{"frame":0.4166666666666667,"value":{"__type__":"cc.Vec2","x":1,"y":1}},{"frame":0.9166666666666666,"value":{"__type__":"cc.Vec2","x":1.2,"y":1.2}}]}}}}},{"__type__":"cc.SpriteFrame","content":{"name":"play-bt-reuse","texture":"1c61bbff0","rect":[570,985,36,36],"offset":[0,0],"originalSize":[36,36],"capInsets":[0,0,0,0]}},{"__type__":"cc.SpriteFrame","content":{"name":"default_btn_disabled","texture":"71VhFCTINJM6/Ky3oX9nBT","rect":[0,0,40,40],"offset":[0,0],"originalSize":[40,40],"capInsets":[12,12,12,12]}},{"__type__":"cc.SpriteFrame","content":{"name":"continue","texture":"539STMznlOKb3kbUdKaK3x","rect":[0,0,601,305],"offset":[0,0],"originalSize":[601,305],"capInsets":[0,0,0,0]}},{"__type__":"cc.AnimationClip","_name":"shake","_duration":3,"wrapMode":2,"curveData":{"props":{"angle":[{"frame":0,"value":0},{"frame":0.08333333333333333,"value":2},{"frame":0.16666666666666666,"value":-2},{"frame":0.25,"value":2},{"frame":0.4166666666666667,"value":-2},{"frame":0.5,"value":0},{"frame":3,"value":0}]}}},{"__type__":"cc.SpriteFrame","content":{"name":"button-blue","texture":"1f944af48","rect":[3,800,404,104],"offset":[2,-0.5],"originalSize":[412,115],"capInsets":[35,35,35,35]}},{"__type__":"cc.SpriteFrame","content":{"name":"singleColor","texture":"40AzQKgEpN+JTFJTVSp35y","rect":[0,0,2,2],"offset":[0,0],"originalSize":[2,2],"capInsets":[0,0,0,0]}},{"__type__":"cc.SpriteFrame","content":{"name":"continue","texture":"4evTlkPApKYpwLDT1rh1JO","rect":[0,0,510,315],"offset":[0,0],"originalSize":[510,315],"capInsets":[0,0,0,0]}},[{"__type__":"cc.Prefab","_name":"continue","data":{"__id__":1}},{"__type__":"cc.Node","_name":"continue","_children":[{"__id__":2},{"__id__":3},{"__id__":4},{"__id__":18},{"__id__":19}],"_level":1,"_components":[{"__type__":"cc.Widget","node":{"__id__":1},"_alignFlags":45},{"__type__":"cc.Button","node":{"__id__":1}},{"__type__":"c5bfdCJ491InKLMzrH23FQg","node":{"__id__":1},"adsBtn":{"__id__":4},"anim":{"__id__":17},"addLab":{"__id__":12},"closeNode":{"__id__":18},"progressBar":{"__id__":16}}],"_prefab":{"__type__":"cc.PrefabInfo","root":{"__id__":1},"asset":{"__uuid__":"93Kh713YhDjpJowvZq0YTc"},"fileId":"a50qW4cHxNma7z2qGxvDe8"},"_contentSize":{"__type__":"cc.Size","width":750,"height":1136},"_position":{"__type__":"cc.Vec3","x":375,"y":568}},{"__type__":"cc.Node","_name":"bg","_parent":{"__id__":1},"_level":3,"_components":[{"__type__":"cc.Sprite","node":{"__id__":2},"_materials":[{"__uuid__":"ecpdLyjvZBwrvm+cedCcQy"}],"_spriteFrame":{"__uuid__":"7akdFYBtNLJLEIqqdB/Uxa"},"_type":1,"_sizeMode":0},{"__type__":"cc.Widget","node":{"__id__":2},"_alignFlags":45,"_originalWidth":2,"_originalHeight":2}],"_prefab":{"__type__":"cc.PrefabInfo","root":{"__id__":1},"asset":{"__uuid__":"93Kh713YhDjpJowvZq0YTc"},"fileId":"692YEJZ95IBqoKTkq7y8WM"},"_opacity":150,"_color":{"__type__":"cc.Color"},"_contentSize":{"__type__":"cc.Size","width":750,"height":1136}},{"__type__":"cc.Node","_name":"continue","_parent":{"__id__":1},"_level":3,"_components":[{"__type__":"cc.Sprite","node":{"__id__":3},"_materials":[{"__uuid__":"ecpdLyjvZBwrvm+cedCcQy"}]},{"__type__":"cc.Animation","node":{"__id__":3},"_defaultClip":{"__uuid__":"3673QNb5VHTp5KDVh8vaWk"},"_clips":[{"__uuid__":"3673QNb5VHTp5KDVh8vaWk"}],"playOnLoad":true},{"__type__":"f34ac2GGiVOBbG6XlfvgYP4","node":{"__id__":3},"spriteFrameSet":[{"__type__":"SpriteFrameSet","language":"en","spriteFrame":{"__uuid__":"83Y/rTMVRNUKq43xEIkSYh"}},{"__type__":"SpriteFrameSet","language":"jp","spriteFrame":{"__uuid__":"2fuHjIaihNs4D7fcOTc8vj"}}]}],"_prefab":{"__type__":"cc.PrefabInfo","root":{"__id__":1},"asset":{"__uuid__":"93Kh713YhDjpJowvZq0YTc"},"fileId":"29f/HFxjJMspth1T2tuHhF"},"_contentSize":{"__type__":"cc.Size","width":510,"height":315},"_position":{"__type__":"cc.Vec3","y":255}},{"__type__":"cc.Node","_name":"addAnim","_parent":{"__id__":1},"_children":[{"__id__":5},{"__id__":6},{"__id__":7},{"__id__":8}],"_level":2,"_components":[{"__id__":17}],"_prefab":{"__type__":"cc.PrefabInfo","root":{"__id__":1},"asset":{"__uuid__":"93Kh713YhDjpJowvZq0YTc"},"fileId":"77IyYAyydNu69oFqJJgWba"},"_contentSize":{"__type__":"cc.Size","width":100,"height":100},"_position":{"__type__":"cc.Vec3","y":-85}},{"__type__":"cc.Node","_name":"node1","_parent":{"__id__":4},"_components":[{"__type__":"cc.Sprite","node":{"__id__":5},"_materials":[{"__uuid__":"ecpdLyjvZBwrvm+cedCcQy"}],"_spriteFrame":{"__uuid__":"27IYtxgShGWI2sTzTSXsrz"},"_sizeMode":0}],"_prefab":{"__type__":"cc.PrefabInfo","root":{"__id__":1},"asset":{"__uuid__":"93Kh713YhDjpJowvZq0YTc"},"fileId":"7bDpcNcZxHnomx0YhkOsqf"},"_opacity":0,"_color":{"__type__":"cc.Color","r":235,"g":255},"_contentSize":{"__type__":"cc.Size","width":100,"height":100}},{"__type__":"cc.Node","_name":"node2","_parent":{"__id__":4},"_components":[{"__type__":"cc.Sprite","node":{"__id__":6},"_materials":[{"__uuid__":"ecpdLyjvZBwrvm+cedCcQy"}],"_spriteFrame":{"__uuid__":"27IYtxgShGWI2sTzTSXsrz"},"_sizeMode":0}],"_prefab":{"__type__":"cc.PrefabInfo","root":{"__id__":1},"asset":{"__uuid__":"93Kh713YhDjpJowvZq0YTc"},"fileId":"1bD7pWnpZK9L3OiJFzhTh4"},"_opacity":0,"_color":{"__type__":"cc.Color","r":235,"g":255},"_contentSize":{"__type__":"cc.Size","width":100,"height":100}},{"__type__":"cc.Node","_name":"node3","_parent":{"__id__":4},"_components":[{"__type__":"cc.Sprite","node":{"__id__":7},"_materials":[{"__uuid__":"ecpdLyjvZBwrvm+cedCcQy"}],"_spriteFrame":{"__uuid__":"27IYtxgShGWI2sTzTSXsrz"},"_sizeMode":0}],"_prefab":{"__type__":"cc.PrefabInfo","root":{"__id__":1},"asset":{"__uuid__":"93Kh713YhDjpJowvZq0YTc"},"fileId":"02qxESi6tEVZVori4SB9Vz"},"_opacity":0,"_color":{"__type__":"cc.Color","r":235,"g":255},"_contentSize":{"__type__":"cc.Size","width":100,"height":100}},{"__type__":"cc.Node","_name":"progressBar","_parent":{"__id__":4},"_children":[{"__id__":9},{"__id__":13},{"__id__":15}],"_level":3,"_components":[{"__type__":"cc.Button","node":{"__id__":8},"zoomScale":1.1,"clickEvents":[{"__type__":"cc.ClickEvent","target":{"__id__":1},"_componentId":"c5bfdCJ491InKLMzrH23FQg","handler":"onClickBtn","customEventData":"0"}],"_N$transition":3,"transition":3,"_N$normalColor":{"__type__":"cc.Color","r":230,"g":230,"b":230},"_N$pressedColor":{"__type__":"cc.Color","r":200,"g":200,"b":200},"pressedColor":{"__type__":"cc.Color","r":200,"g":200,"b":200},"_N$disabledColor":{"__type__":"cc.Color","r":120,"g":120,"b":120,"a":200},"_N$normalSprite":{"__uuid__":"5fPBS8Kd1LCpcQ61ChTk85"},"_N$pressedSprite":{"__uuid__":"e97GVMl6JHh5Ml5qEDdSGa"},"pressedSprite":{"__uuid__":"e97GVMl6JHh5Ml5qEDdSGa"},"_N$hoverSprite":{"__uuid__":"f0BIwQ8D5Ml7nTNQbh1YlS"},"hoverSprite":{"__uuid__":"f0BIwQ8D5Ml7nTNQbh1YlS"},"_N$disabledSprite":{"__uuid__":"29FYIk+N1GYaeWH/q1NxQO"},"_N$target":{"__id__":15}},{"__id__":16}],"_prefab":{"__type__":"cc.PrefabInfo","root":{"__id__":1},"asset":{"__uuid__":"93Kh713YhDjpJowvZq0YTc"},"fileId":"edPWOgixBIGJ2Qf8DZikAt"},"_contentSize":{"__type__":"cc.Size","width":100,"height":100}},{"__type__":"cc.Node","_name":"addNode","_parent":{"__id__":8},"_children":[{"__id__":10},{"__id__":11}],"_active":false,"_level":4,"_components":[{"__type__":"cc.Animation","node":{"__id__":9},"_defaultClip":{"__uuid__":"3673QNb5VHTp5KDVh8vaWk"},"_clips":[{"__uuid__":"3673QNb5VHTp5KDVh8vaWk"}],"playOnLoad":true}],"_prefab":{"__type__":"cc.PrefabInfo","root":{"__id__":1},"asset":{"__uuid__":"93Kh713YhDjpJowvZq0YTc"},"fileId":"fdEQfodoBIlrB6fzx5hSyL"},"_contentSize":{"__type__":"cc.Size","width":113,"height":132},"_position":{"__type__":"cc.Vec3","x":55,"y":90}},{"__type__":"cc.Node","_name":"icon","_parent":{"__id__":9},"_level":5,"_components":[{"__type__":"cc.Sprite","node":{"__id__":10},"_materials":[{"__uuid__":"ecpdLyjvZBwrvm+cedCcQy"}],"_spriteFrame":{"__uuid__":"f8+C+xvJRON5qWzFe8nV3y"},"_sizeMode":2}],"_prefab":{"__type__":"cc.PrefabInfo","root":{"__id__":1},"asset":{"__uuid__":"93Kh713YhDjpJowvZq0YTc"},"fileId":"1aHXVPy3BJ9IQ8D9R9e6iL"},"_color":{"__type__":"cc.Color","r":178,"g":223,"b":191},"_contentSize":{"__type__":"cc.Size","width":113,"height":132},"_eulerAngles":{"__type__":"cc.Vec3","z":-23}},{"__type__":"cc.Node","_name":"addLab","_parent":{"__id__":9},"_level":5,"_components":[{"__id__":12}],"_prefab":{"__type__":"cc.PrefabInfo","root":{"__id__":1},"asset":{"__uuid__":"93Kh713YhDjpJowvZq0YTc"},"fileId":"1cAs59/+9ObIYWzHhD7jjb"},"_color":{"__type__":"cc.Color","g":255,"b":71},"_contentSize":{"__type__":"cc.Size","height":26.67},"_position":{"__type__":"cc.Vec3","x":7.64957,"y":10.53017},"_eulerAngles":{"__type__":"cc.Vec3","z":-23}},{"__type__":"cc.Label","node":{"__id__":11},"_materials":[{"__uuid__":"ecpdLyjvZBwrvm+cedCcQy"}],"_useOriginalSize":false,"_N$file":{"__uuid__":"9elZmWDh9KNIHgrqobLntL"},"_isSystemFontUsed":false,"_N$horizontalAlign":1,"_N$verticalAlign":1},{"__type__":"cc.Node","_name":"bar","_parent":{"__id__":8},"_components":[{"__id__":14}],"_prefab":{"__type__":"cc.PrefabInfo","root":{"__id__":1},"asset":{"__uuid__":"93Kh713YhDjpJowvZq0YTc"},"fileId":"c1NSKmNitIJaDHckJufW6t"},"_color":{"__type__":"cc.Color","r":245,"g":225},"_contentSize":{"__type__":"cc.Size","width":100,"height":100}},{"__type__":"cc.Sprite","node":{"__id__":13},"_materials":[{"__uuid__":"ecpdLyjvZBwrvm+cedCcQy"}],"_spriteFrame":{"__uuid__":"27IYtxgShGWI2sTzTSXsrz"},"_type":3,"_sizeMode":0,"_fillType":2,"_fillCenter":{"__type__":"cc.Vec2","x":0.5,"y":0.5},"_fillStart":-0.75,"_fillRange":1},{"__type__":"cc.Node","_name":"adsBtn","_parent":{"__id__":8},"_level":3,"_components":[{"__type__":"cc.Sprite","node":{"__id__":15},"_materials":[{"__uuid__":"ecpdLyjvZBwrvm+cedCcQy"}],"_spriteFrame":{"__uuid__":"27IYtxgShGWI2sTzTSXsrz"},"_sizeMode":0,"_isTrimmedMode":false}],"_prefab":{"__type__":"cc.PrefabInfo","root":{"__id__":1},"asset":{"__uuid__":"93Kh713YhDjpJowvZq0YTc"},"fileId":"b53GjcJhRNjL13ZF0vJhmw"},"_contentSize":{"__type__":"cc.Size","width":80,"height":80}},{"__type__":"cc.ProgressBar","node":{"__id__":8},"_N$barSprite":{"__id__":14},"_N$mode":2},{"__type__":"cc.Animation","node":{"__id__":4},"_defaultClip":{"__uuid__":"07sa9lQzpHSJKaCZleDO3B"},"_clips":[{"__uuid__":"07sa9lQzpHSJKaCZleDO3B"}]},{"__type__":"cc.Node","_name":"closeBtn","_parent":{"__id__":1},"_level":3,"_components":[{"__type__":"cc.Label","node":{"__id__":18},"_materials":[{"__uuid__":"ecpdLyjvZBwrvm+cedCcQy"}],"_useOriginalSize":false,"_string":"label_text.nothanks","_N$string":"label_text.nothanks","_fontSize":35,"_lineHeight":50,"_N$horizontalAlign":1,"_N$verticalAlign":1},{"__type__":"cc.Button","node":{"__id__":18},"zoomScale":1.1,"clickEvents":[{"__type__":"cc.ClickEvent","target":{"__id__":1},"_componentId":"c5bfdCJ491InKLMzrH23FQg","handler":"onClickBtn","customEventData":"1"}],"_N$transition":3,"transition":3,"_N$normalColor":{"__type__":"cc.Color","r":230,"g":230,"b":230},"_N$pressedColor":{"__type__":"cc.Color","r":200,"g":200,"b":200},"pressedColor":{"__type__":"cc.Color","r":200,"g":200,"b":200},"_N$disabledColor":{"__type__":"cc.Color","r":120,"g":120,"b":120,"a":200},"_N$normalSprite":{"__uuid__":"5fPBS8Kd1LCpcQ61ChTk85"},"_N$pressedSprite":{"__uuid__":"e97GVMl6JHh5Ml5qEDdSGa"},"pressedSprite":{"__uuid__":"e97GVMl6JHh5Ml5qEDdSGa"},"_N$hoverSprite":{"__uuid__":"f0BIwQ8D5Ml7nTNQbh1YlS"},"hoverSprite":{"__uuid__":"f0BIwQ8D5Ml7nTNQbh1YlS"},"_N$disabledSprite":{"__uuid__":"29FYIk+N1GYaeWH/q1NxQO"},"_N$target":{"__id__":18}},{"__type__":"cc.Animation","node":{"__id__":18},"_defaultClip":{"__uuid__":"ffnLFKnvtCn4nV/T6uOK3+"},"_clips":[{"__uuid__":"ffnLFKnvtCn4nV/T6uOK3+"}]},{"__type__":"744dcs4DCdNprNhG0xwq6FK","node":{"__id__":18},"_dataID":"label_text.nothanks"}],"_prefab":{"__type__":"cc.PrefabInfo","root":{"__id__":1},"asset":{"__uuid__":"93Kh713YhDjpJowvZq0YTc"},"fileId":"fahFhNn+lFdI/ydml45YRe"},"_contentSize":{"__type__":"cc.Size","width":301.6,"height":63},"_position":{"__type__":"cc.Vec3","y":-180}},{"__type__":"cc.Node","_name":"timeLab","_parent":{"__id__":1},"_level":3,"_components":[{"__type__":"cc.RichText","node":{"__id__":19},"_N$string":"","_N$horizontalAlign":1}],"_prefab":{"__type__":"cc.PrefabInfo","root":{"__id__":1},"asset":{"__uuid__":"93Kh713YhDjpJowvZq0YTc"},"fileId":"6fkFVR6NlOmrpN8L73g8P4"},"_contentSize":{"__type__":"cc.Size","height":50.4},"_position":{"__type__":"cc.Vec3","x":303.647,"y":-99.798}}],{"__type__":"cc.SpriteFrame","content":{"name":"default_btn_pressed","texture":"b4P/PCArtIdIH38t6mlw8Y","rect":[0,0,40,40],"offset":[0,0],"originalSize":[40,40],"capInsets":[12,12,12,12]}},{"__type__":"cc.SpriteFrame","content":{"name":"default_btn_normal","texture":"e8Ueib+qJEhL6mXAHdnwbi","rect":[0,0,40,40],"offset":[0,0],"originalSize":[40,40],"capInsets":[12,12,12,12]}},{"__type__":"cc.SpriteFrame","content":{"name":"TooltipMain","texture":"1f944af48","rect":[847,203,113,132],"offset":[0,0],"originalSize":[113,132],"rotated":1,"capInsets":[0,0,0,0]}}]