[{"__type__":"cc.AnimationClip","_name":"card_shake","_duration":0.5,"curveData":{"props":{"opacity":[{"frame":0,"value":0},{"frame":0.16666666666666666,"value":255},{"frame":0.3333333333333333,"value":255},{"frame":0.5,"value":0}]}}},{"__type__":"cc.SpriteFrame","content":{"name":"go","texture":"3dm46Ml59OvbinFXGomMFH","rect":[0,0,800,272],"offset":[0,0],"originalSize":[800,272],"capInsets":[0,0,0,0]}},[{"__type__":"cc.Prefab","_name":"num_col","data":{"__id__":1}},{"__type__":"cc.Node","_name":"num_col","_children":[{"__id__":2},{"__id__":3},{"__id__":4},{"__id__":5},{"__id__":6},{"__id__":7},{"__id__":8},{"__id__":9},{"__id__":10},{"__id__":11}],"_level":1,"_components":[{"__type__":"cc.Layout","node":{"__id__":1},"_layoutSize":{"__type__":"cc.Size","width":30,"height":305},"_resize":1,"_N$layoutType":2,"_N$spacingY":-5},{"__type__":"9f3215Yjr1M/bjS24jTsooT","node":{"__id__":1}}],"_prefab":{"__type__":"cc.PrefabInfo","root":{"__id__":1},"asset":{"__uuid__":"0cZB3XDwlIH4QkDwMZlvNl"},"fileId":"4eauoism1D9JOjiey33d7v"},"_color":{"__type__":"cc.Color","r":255,"g":234},"_contentSize":{"__type__":"cc.Size","width":30,"height":305},"_anchorPoint":{"__type__":"cc.Vec2","x":0.5,"y":1},"_position":{"__type__":"cc.Vec3","x":46.834999999999994}},{"__type__":"cc.Node","_name":"num_0","_parent":{"__id__":1},"_level":5,"_components":[{"__type__":"cc.Label","node":{"__id__":2},"_materials":[{"__uuid__":"ecpdLyjvZBwrvm+cedCcQy"}],"_useOriginalSize":false,"_string":"0","_N$string":"0","_lineHeight":60,"_N$file":{"__uuid__":"9elZmWDh9KNIHgrqobLntL"},"_isSystemFontUsed":false,"_N$horizontalAlign":1,"_N$verticalAlign":1}],"_prefab":{"__type__":"cc.PrefabInfo","root":{"__id__":1},"asset":{"__uuid__":"0cZB3XDwlIH4QkDwMZlvNl"},"fileId":"22AWDglCxMAIz/G0LepucS"},"_color":{"__type__":"cc.Color","r":255,"g":234},"_contentSize":{"__type__":"cc.Size","width":29.33,"height":40},"_anchorPoint":{"__type__":"cc.Vec2","y":0.5},"_position":{"__type__":"cc.Vec3","x":-12.335,"y":-20}},{"__type__":"cc.Node","_name":"num_1","_parent":{"__id__":1},"_level":5,"_components":[{"__type__":"cc.Label","node":{"__id__":3},"_materials":[{"__uuid__":"ecpdLyjvZBwrvm+cedCcQy"}],"_useOriginalSize":false,"_string":"1","_N$string":"1","_lineHeight":60,"_N$file":{"__uuid__":"9elZmWDh9KNIHgrqobLntL"},"_isSystemFontUsed":false,"_N$horizontalAlign":1,"_N$verticalAlign":1}],"_prefab":{"__type__":"cc.PrefabInfo","root":{"__id__":1},"asset":{"__uuid__":"0cZB3XDwlIH4QkDwMZlvNl"},"fileId":"e7tq0e/TlGX7L0NwWlgahR"},"_color":{"__type__":"cc.Color","r":255,"g":234},"_contentSize":{"__type__":"cc.Size","width":22.67,"height":40},"_anchorPoint":{"__type__":"cc.Vec2","y":0.5},"_position":{"__type__":"cc.Vec3","x":-12.335,"y":-55}},{"__type__":"cc.Node","_name":"num_2","_parent":{"__id__":1},"_level":5,"_components":[{"__type__":"cc.Label","node":{"__id__":4},"_materials":[{"__uuid__":"ecpdLyjvZBwrvm+cedCcQy"}],"_useOriginalSize":false,"_string":"2","_N$string":"2","_lineHeight":60,"_N$file":{"__uuid__":"9elZmWDh9KNIHgrqobLntL"},"_isSystemFontUsed":false,"_N$horizontalAlign":1,"_N$verticalAlign":1}],"_prefab":{"__type__":"cc.PrefabInfo","root":{"__id__":1},"asset":{"__uuid__":"0cZB3XDwlIH4QkDwMZlvNl"},"fileId":"e3fAdYlPRLH7/cDAwCcFJK"},"_color":{"__type__":"cc.Color","r":255,"g":234},"_contentSize":{"__type__":"cc.Size","width":28.67,"height":40},"_anchorPoint":{"__type__":"cc.Vec2","y":0.5},"_position":{"__type__":"cc.Vec3","x":-12.335,"y":-90}},{"__type__":"cc.Node","_name":"num_3","_parent":{"__id__":1},"_level":5,"_components":[{"__type__":"cc.Label","node":{"__id__":5},"_materials":[{"__uuid__":"ecpdLyjvZBwrvm+cedCcQy"}],"_useOriginalSize":false,"_string":"3","_N$string":"3","_lineHeight":60,"_N$file":{"__uuid__":"9elZmWDh9KNIHgrqobLntL"},"_isSystemFontUsed":false,"_N$horizontalAlign":1,"_N$verticalAlign":1}],"_prefab":{"__type__":"cc.PrefabInfo","root":{"__id__":1},"asset":{"__uuid__":"0cZB3XDwlIH4QkDwMZlvNl"},"fileId":"baD8RxWDxH3avkgh+82rxz"},"_color":{"__type__":"cc.Color","r":255,"g":234},"_contentSize":{"__type__":"cc.Size","width":27.33,"height":40},"_anchorPoint":{"__type__":"cc.Vec2","y":0.5},"_position":{"__type__":"cc.Vec3","x":-12.335,"y":-125}},{"__type__":"cc.Node","_name":"num_4","_parent":{"__id__":1},"_level":5,"_components":[{"__type__":"cc.Label","node":{"__id__":6},"_materials":[{"__uuid__":"ecpdLyjvZBwrvm+cedCcQy"}],"_useOriginalSize":false,"_string":"4","_N$string":"4","_lineHeight":60,"_N$file":{"__uuid__":"9elZmWDh9KNIHgrqobLntL"},"_isSystemFontUsed":false,"_N$horizontalAlign":1,"_N$verticalAlign":1}],"_prefab":{"__type__":"cc.PrefabInfo","root":{"__id__":1},"asset":{"__uuid__":"0cZB3XDwlIH4QkDwMZlvNl"},"fileId":"91NMOkhDdCcJALVoiLbYRT"},"_color":{"__type__":"cc.Color","r":255,"g":234},"_contentSize":{"__type__":"cc.Size","width":29.33,"height":40},"_anchorPoint":{"__type__":"cc.Vec2","y":0.5},"_position":{"__type__":"cc.Vec3","x":-12.335,"y":-160}},{"__type__":"cc.Node","_name":"num_5","_parent":{"__id__":1},"_level":5,"_components":[{"__type__":"cc.Label","node":{"__id__":7},"_materials":[{"__uuid__":"ecpdLyjvZBwrvm+cedCcQy"}],"_useOriginalSize":false,"_string":"5","_N$string":"5","_lineHeight":60,"_N$file":{"__uuid__":"9elZmWDh9KNIHgrqobLntL"},"_isSystemFontUsed":false,"_N$horizontalAlign":1,"_N$verticalAlign":1}],"_prefab":{"__type__":"cc.PrefabInfo","root":{"__id__":1},"asset":{"__uuid__":"0cZB3XDwlIH4QkDwMZlvNl"},"fileId":"00BLNbW/ZN4pac3Fr3H08H"},"_color":{"__type__":"cc.Color","r":255,"g":234},"_contentSize":{"__type__":"cc.Size","width":27.33,"height":40},"_anchorPoint":{"__type__":"cc.Vec2","y":0.5},"_position":{"__type__":"cc.Vec3","x":-12.335,"y":-195}},{"__type__":"cc.Node","_name":"num_6","_parent":{"__id__":1},"_level":5,"_components":[{"__type__":"cc.Label","node":{"__id__":8},"_materials":[{"__uuid__":"ecpdLyjvZBwrvm+cedCcQy"}],"_useOriginalSize":false,"_string":"6","_N$string":"6","_lineHeight":60,"_N$file":{"__uuid__":"9elZmWDh9KNIHgrqobLntL"},"_isSystemFontUsed":false,"_N$horizontalAlign":1,"_N$verticalAlign":1}],"_prefab":{"__type__":"cc.PrefabInfo","root":{"__id__":1},"asset":{"__uuid__":"0cZB3XDwlIH4QkDwMZlvNl"},"fileId":"8fYkEuUuxFJqNnHtmphbMp"},"_color":{"__type__":"cc.Color","r":255,"g":234},"_contentSize":{"__type__":"cc.Size","width":29.33,"height":40},"_anchorPoint":{"__type__":"cc.Vec2","y":0.5},"_position":{"__type__":"cc.Vec3","x":-12.335,"y":-230}},{"__type__":"cc.Node","_name":"num_7","_parent":{"__id__":1},"_level":5,"_components":[{"__type__":"cc.Label","node":{"__id__":9},"_materials":[{"__uuid__":"ecpdLyjvZBwrvm+cedCcQy"}],"_useOriginalSize":false,"_string":"7","_N$string":"7","_lineHeight":60,"_N$file":{"__uuid__":"9elZmWDh9KNIHgrqobLntL"},"_isSystemFontUsed":false,"_N$horizontalAlign":1,"_N$verticalAlign":1}],"_prefab":{"__type__":"cc.PrefabInfo","root":{"__id__":1},"asset":{"__uuid__":"0cZB3XDwlIH4QkDwMZlvNl"},"fileId":"c2lOqwb2VMR7dbhlDZ+k1J"},"_color":{"__type__":"cc.Color","r":255,"g":234},"_contentSize":{"__type__":"cc.Size","width":28.67,"height":40},"_anchorPoint":{"__type__":"cc.Vec2","y":0.5},"_position":{"__type__":"cc.Vec3","x":-12.335,"y":-265}},{"__type__":"cc.Node","_name":"num_8","_parent":{"__id__":1},"_level":5,"_components":[{"__type__":"cc.Label","node":{"__id__":10},"_materials":[{"__uuid__":"ecpdLyjvZBwrvm+cedCcQy"}],"_useOriginalSize":false,"_string":"8","_N$string":"8","_lineHeight":60,"_N$file":{"__uuid__":"9elZmWDh9KNIHgrqobLntL"},"_isSystemFontUsed":false,"_N$horizontalAlign":1,"_N$verticalAlign":1}],"_prefab":{"__type__":"cc.PrefabInfo","root":{"__id__":1},"asset":{"__uuid__":"0cZB3XDwlIH4QkDwMZlvNl"},"fileId":"d1GMDdxuNCFL7yFMsaRtaK"},"_color":{"__type__":"cc.Color","r":255,"g":234},"_contentSize":{"__type__":"cc.Size","width":29.33,"height":40},"_anchorPoint":{"__type__":"cc.Vec2","y":0.5},"_position":{"__type__":"cc.Vec3","x":-12.335,"y":-300}},{"__type__":"cc.Node","_name":"num_9","_parent":{"__id__":1},"_level":5,"_components":[{"__type__":"cc.Label","node":{"__id__":11},"_materials":[{"__uuid__":"ecpdLyjvZBwrvm+cedCcQy"}],"_useOriginalSize":false,"_string":"9","_N$string":"9","_lineHeight":60,"_N$file":{"__uuid__":"9elZmWDh9KNIHgrqobLntL"},"_isSystemFontUsed":false,"_N$horizontalAlign":1,"_N$verticalAlign":1}],"_prefab":{"__type__":"cc.PrefabInfo","root":{"__id__":1},"asset":{"__uuid__":"0cZB3XDwlIH4QkDwMZlvNl"},"fileId":"589+yZ6DdAWYPx5o4zHLhs"},"_color":{"__type__":"cc.Color","r":255,"g":234},"_contentSize":{"__type__":"cc.Size","width":29.33,"height":40},"_anchorPoint":{"__type__":"cc.Vec2","y":0.5},"_position":{"__type__":"cc.Vec3","x":-12.335,"y":-335}}],[{"__type__":"cc.Prefab","_name":"addCell","data":{"__id__":1}},{"__type__":"cc.Node","_name":"addCell","_level":1,"_components":[{"__type__":"cc.Label","node":{"__id__":1},"_materials":[{"__uuid__":"ecpdLyjvZBwrvm+cedCcQy"}],"_useOriginalSize":false,"_fontSize":25,"_lineHeight":60,"_N$file":{"__uuid__":"9elZmWDh9KNIHgrqobLntL"},"_isSystemFontUsed":false,"_N$horizontalAlign":1,"_N$verticalAlign":1}],"_prefab":{"__type__":"cc.PrefabInfo","root":{"__id__":1},"asset":{"__uuid__":"33VUavw6xBwKuuw3S/KEn/"},"fileId":"57VX2i9ZBP2a38fmTI2+U8"},"_color":{"__type__":"cc.Color","r":160,"g":255,"b":75},"_contentSize":{"__type__":"cc.Size","height":25}}],[{"__type__":"cc.SceneAsset","_name":"MainScene","scene":{"__id__":1},"asyncLoadAssets":null},{"__type__":"cc.Scene","_name":"New Node","_children":[{"__id__":2}],"_active":false,"_anchorPoint":{"__type__":"cc.Vec2"},"autoReleaseAssets":false},{"__type__":"cc.Node","_name":"MainScene","_parent":{"__id__":1},"_children":[{"__id__":3},{"__id__":4},{"__id__":5},{"__id__":7}],"_level":1,"_components":[{"__type__":"cc.Canvas","node":{"__id__":2},"_designResolution":{"__type__":"cc.Size","width":750,"height":1136},"_fitWidth":true},{"__type__":"31942JE5IZM5ISfE8tlXIGH","node":{"__id__":2}},{"__type__":"5e5966z/eFO2ar90G3Leqy1","node":{"__id__":2},"gamePreb":{"__uuid__":"6dmlwKnHVGNbozCWGmsTgz"},"handlePreb":{"__uuid__":"4as/R6cGVHuayG3KmT6Nxt"},"scorePreb":{"__uuid__":"e0pPOqZ7dD9KRbeyIaksC4"},"animPreb":{"__uuid__":"5122TciKlJ4bZlfWkZnaCS"},"versionLab":{"__id__":6},"infoLab":{"__id__":8}},{"__type__":"d1c981lkxRFR4CbTbWvbQgw","node":{"__id__":2}}],"_color":{"__type__":"cc.Color","r":252,"g":252,"b":252},"_contentSize":{"__type__":"cc.Size","width":750,"height":1136},"_position":{"__type__":"cc.Vec3","x":375,"y":568},"_id":"a286bbGknJLZpRpxROV6M94"},{"__type__":"cc.Node","_name":"Main Camera","_parent":{"__id__":2},"_level":1,"_components":[{"__type__":"cc.Camera","node":{"__id__":3},"_clearFlags":7,"_depth":-1}],"_position":{"__type__":"cc.Vec3","z":538.6678011539209}},{"__type__":"cc.Node","_name":"bg","_parent":{"__id__":2},"_level":2,"_components":[{"__type__":"cc.Sprite","node":{"__id__":4},"_materials":[{"__uuid__":"ecpdLyjvZBwrvm+cedCcQy"}],"_spriteFrame":{"__uuid__":"f7zhlgLQhOer7IlgAphxqb"},"_sizeMode":2,"_isTrimmedMode":false}],"_contentSize":{"__type__":"cc.Size","width":750,"height":1136}},{"__type__":"cc.Node","_name":"version","_parent":{"__id__":2},"_active":false,"_level":2,"_components":[{"__id__":6},{"__type__":"cc.Widget","node":{"__id__":5},"_alignFlags":9,"_left":94.99999999999999,"_top":43.59899999999986}],"_contentSize":{"__type__":"cc.Size","height":16.67},"_position":{"__type__":"cc.Vec3","x":-280,"y":516.0660000000001}},{"__type__":"cc.Label","node":{"__id__":5},"_materials":[{"__uuid__":"ecpdLyjvZBwrvm+cedCcQy"}],"_useOriginalSize":false,"_fontSize":25,"_N$file":{"__uuid__":"9elZmWDh9KNIHgrqobLntL"},"_isSystemFontUsed":false,"_N$horizontalAlign":1,"_N$verticalAlign":1},{"__type__":"cc.Node","_name":"infoLab","_parent":{"__id__":2},"_active":false,"_level":2,"_components":[{"__id__":8},{"__type__":"cc.Widget","node":{"__id__":7},"_alignFlags":9,"_left":50,"_top":50}],"_contentSize":{"__type__":"cc.Size","width":600,"height":75.6},"_anchorPoint":{"__type__":"cc.Vec2","y":1},"_position":{"__type__":"cc.Vec3","x":-325,"y":518}},{"__type__":"cc.Label","node":{"__id__":7},"_materials":[{"__uuid__":"ecpdLyjvZBwrvm+cedCcQy"}],"_useOriginalSize":false,"_fontSize":50,"_lineHeight":60,"_N$horizontalAlign":1,"_N$verticalAlign":1,"_N$overflow":3}],{"__type__":"cc.SpriteFrame","content":{"name":"3","texture":"1f944af48","rect":[529,3,312,318],"offset":[-1,2],"originalSize":[328,344],"capInsets":[0,0,0,0]}},{"__type__":"cc.SpriteFrame","content":{"name":"button-blue-small","texture":"1f944af48","rect":[847,3,194,104],"offset":[1.5,0],"originalSize":[197,110],"rotated":1,"capInsets":[40,40,40,40]}},[{"__type__":"cc.Prefab","_name":"handle","data":{"__id__":1}},{"__type__":"cc.Node","_name":"handle","_children":[{"__id__":2},{"__id__":3},{"__id__":10},{"__id__":11}],"_level":1,"_components":[{"__type__":"70497PvRBJKzqRjhSMzfpgN","node":{"__id__":1},"logo":{"__id__":2},"btnNode":{"__id__":11},"soundToggle":{"__id__":9}},{"__type__":"cc.Mask","node":{"__id__":1},"_materials":[{"__uuid__":"ecpdLyjvZBwrvm+cedCcQy"}]}],"_prefab":{"__type__":"cc.PrefabInfo","root":{"__id__":1},"asset":{"__uuid__":"4as/R6cGVHuayG3KmT6Nxt"},"fileId":"43Tic4tsBGZoIrOEMW4mq0"},"_contentSize":{"__type__":"cc.Size","width":750,"height":1136}},{"__type__":"cc.Node","_name":"logoNode","_parent":{"__id__":1},"_level":3,"_components":[{"__type__":"cc.Sprite","node":{"__id__":2},"_materials":[{"__uuid__":"ecpdLyjvZBwrvm+cedCcQy"}],"_spriteFrame":{"__uuid__":"7eXaA6q7dN1aDi65WRhALR"},"_sizeMode":2},{"__type__":"cc.Widget","node":{"__id__":2},"_alignFlags":1},{"__type__":"f34ac2GGiVOBbG6XlfvgYP4","node":{"__id__":2},"spriteFrameSet":[{"__type__":"SpriteFrameSet","language":"en","spriteFrame":{"__uuid__":"fcaxa0D+VMe4NyC8wGNGye"}},{"__type__":"SpriteFrameSet","language":"jp","spriteFrame":{"__uuid__":"7eXaA6q7dN1aDi65WRhALR"}}]}],"_prefab":{"__type__":"cc.PrefabInfo","root":{"__id__":1},"asset":{"__uuid__":"4as/R6cGVHuayG3KmT6Nxt"},"fileId":"44+ouORSNEeZDBuhIbmZgB"},"_contentSize":{"__type__":"cc.Size","width":570,"height":560},"_position":{"__type__":"cc.Vec3","x":1000,"y":288}},{"__type__":"cc.Node","_name":"musicToggle","_parent":{"__id__":1},"_children":[{"__id__":4},{"__id__":6}],"_level":2,"_components":[{"__type__":"cc.Widget","node":{"__id__":3},"_target":{"__id__":1},"_alignFlags":9,"_left":33,"_right":33,"_top":26,"_bottom":1001},{"__id__":9}],"_prefab":{"__type__":"cc.PrefabInfo","root":{"__id__":1},"asset":{"__uuid__":"4as/R6cGVHuayG3KmT6Nxt"},"fileId":"aaWTCbZtNIVb4OFARHrdtU"},"_contentSize":{"__type__":"cc.Size","width":105,"height":105},"_position":{"__type__":"cc.Vec3","x":-289.5,"y":489.5}},{"__type__":"cc.Node","_name":"Background","_parent":{"__id__":3},"_children":[{"__id__":5}],"_components":[{"__type__":"cc.Sprite","node":{"__id__":4},"_materials":[{"__uuid__":"ecpdLyjvZBwrvm+cedCcQy"}],"_spriteFrame":{"__uuid__":"8dfYa+sYhBzqnXKo2zcff/"},"_type":1,"_sizeMode":0,"_isTrimmedMode":false}],"_prefab":{"__type__":"cc.PrefabInfo","root":{"__id__":1},"asset":{"__uuid__":"4as/R6cGVHuayG3KmT6Nxt"},"fileId":"c7UWkZd35EZ5EyLvm2C015"},"_contentSize":{"__type__":"cc.Size","width":104,"height":104}},{"__type__":"cc.Node","_name":"sound","_parent":{"__id__":4},"_level":1,"_components":[{"__type__":"cc.Sprite","node":{"__id__":5},"_materials":[{"__uuid__":"ecpdLyjvZBwrvm+cedCcQy"}],"_spriteFrame":{"__uuid__":"d1ayw+YERES6gjIudh1OwJ"}}],"_prefab":{"__type__":"cc.PrefabInfo","root":{"__id__":1},"asset":{"__uuid__":"4as/R6cGVHuayG3KmT6Nxt"},"fileId":"80wteBQW5Jf6v7LvxEZKlI"},"_contentSize":{"__type__":"cc.Size","width":28,"height":21},"_scale":{"__type__":"cc.Vec3","x":2,"y":2,"z":1}},{"__type__":"cc.Node","_name":"checkmark","_parent":{"__id__":3},"_children":[{"__id__":7}],"_components":[{"__id__":8}],"_prefab":{"__type__":"cc.PrefabInfo","root":{"__id__":1},"asset":{"__uuid__":"4as/R6cGVHuayG3KmT6Nxt"},"fileId":"67j/FrQx9MvJIW5PO3oDAP"},"_contentSize":{"__type__":"cc.Size","width":104,"height":104}},{"__type__":"cc.Node","_name":"icon","_parent":{"__id__":6},"_level":1,"_components":[{"__type__":"cc.Sprite","node":{"__id__":7},"_materials":[{"__uuid__":"ecpdLyjvZBwrvm+cedCcQy"}],"_spriteFrame":{"__uuid__":"57W5BYD+VMmLzCxItssOmy"}}],"_prefab":{"__type__":"cc.PrefabInfo","root":{"__id__":1},"asset":{"__uuid__":"4as/R6cGVHuayG3KmT6Nxt"},"fileId":"89/QQld6FMEblFn2M3LnGT"},"_contentSize":{"__type__":"cc.Size","width":28,"height":21},"_scale":{"__type__":"cc.Vec3","x":2,"y":2,"z":2}},{"__type__":"cc.Sprite","node":{"__id__":6},"_materials":[{"__uuid__":"ecpdLyjvZBwrvm+cedCcQy"}],"_spriteFrame":{"__uuid__":"8dfYa+sYhBzqnXKo2zcff/"},"_type":1,"_sizeMode":0,"_isTrimmedMode":false},{"__type__":"cc.Toggle","node":{"__id__":3},"zoomScale":1.1,"_N$transition":3,"transition":3,"_N$normalColor":{"__type__":"cc.Color","r":214,"g":214,"b":214},"_N$target":{"__id__":4},"checkMark":{"__id__":8},"checkEvents":[{"__type__":"cc.ClickEvent","target":{"__id__":1},"_componentId":"70497PvRBJKzqRjhSMzfpgN","handler":"onClickSoundToggle"}]},{"__type__":"cc.Node","_name":"setting_btn","_parent":{"__id__":1},"_active":false,"_level":2,"_components":[{"__type__":"cc.Sprite","node":{"__id__":10},"_materials":[{"__uuid__":"ecpdLyjvZBwrvm+cedCcQy"}],"_spriteFrame":{"__uuid__":"ddoLGKnehIRbTbgGn1PM20"}},{"__type__":"cc.Button","node":{"__id__":10},"clickEvents":[{"__type__":"cc.ClickEvent","target":{"__id__":1},"_componentId":"70497PvRBJKzqRjhSMzfpgN","handler":"onClickSettingBtn"}],"_N$target":{"__id__":1}},{"__type__":"cc.Widget","node":{"__id__":10},"_alignFlags":33,"_right":33,"_top":26,"_bottom":1001}],"_prefab":{"__type__":"cc.PrefabInfo","root":{"__id__":1},"asset":{"__uuid__":"4as/R6cGVHuayG3KmT6Nxt"},"fileId":"a5X/bLCGpE8oLchO1a5paD"},"_contentSize":{"__type__":"cc.Size","width":84,"height":84},"_position":{"__type__":"cc.Vec3","x":300,"y":500}},{"__type__":"cc.Node","_name":"btnNode","_parent":{"__id__":1},"_children":[{"__id__":12},{"__id__":14},{"__id__":16},{"__id__":18}],"_level":3,"_components":[{"__type__":"cc.Layout","node":{"__id__":11},"_layoutSize":{"__type__":"cc.Size","width":725,"height":120},"_resize":1,"_N$layoutType":2,"_N$spacingY":60},{"__type__":"cc.Widget","node":{"__id__":11},"_alignFlags":4,"_bottom":118}],"_prefab":{"__type__":"cc.PrefabInfo","root":{"__id__":1},"asset":{"__uuid__":"4as/R6cGVHuayG3KmT6Nxt"},"fileId":"e7NSpcQfpAqZcY36w3buio"},"_contentSize":{"__type__":"cc.Size","width":725,"height":120},"_anchorPoint":{"__type__":"cc.Vec2","x":0.5},"_position":{"__type__":"cc.Vec3","x":-1000,"y":-450}},{"__type__":"cc.Node","_name":"friendBtn","_parent":{"__id__":11},"_children":[{"__id__":13}],"_active":false,"_level":4,"_components":[{"__type__":"cc.Sprite","node":{"__id__":12},"_materials":[{"__uuid__":"ecpdLyjvZBwrvm+cedCcQy"}],"_spriteFrame":{"__uuid__":"8dfYa+sYhBzqnXKo2zcff/"},"_sizeMode":2,"_isTrimmedMode":false},{"__type__":"cc.Button","node":{"__id__":12},"zoomScale":1.1,"clickEvents":[{"__type__":"cc.ClickEvent","target":{"__id__":1},"_componentId":"70497PvRBJKzqRjhSMzfpgN","handler":"onClickPlayGameBtn","customEventData":"0"}],"_N$transition":3,"transition":3}],"_prefab":{"__type__":"cc.PrefabInfo","root":{"__id__":1},"asset":{"__uuid__":"4as/R6cGVHuayG3KmT6Nxt"},"fileId":"7d9ESBXhBMD4pqXbaMKmic"},"_contentSize":{"__type__":"cc.Size","width":412,"height":115},"_position":{"__type__":"cc.Vec3","y":237.5}},{"__type__":"cc.Node","_name":"label","_parent":{"__id__":12},"_level":5,"_components":[{"__type__":"cc.Label","node":{"__id__":13},"_materials":[{"__uuid__":"ecpdLyjvZBwrvm+cedCcQy"}],"_useOriginalSize":false,"_string":"PLAY WITH FRIEND","_N$string":"PLAY WITH FRIEND","_N$file":{"__uuid__":"97D75Hl3VCWIaPCxJPD57i"},"_isSystemFontUsed":false,"_N$horizontalAlign":1,"_N$verticalAlign":1}],"_prefab":{"__type__":"cc.PrefabInfo","root":{"__id__":1},"asset":{"__uuid__":"4as/R6cGVHuayG3KmT6Nxt"},"fileId":"01fGzC3hlD/aCkoKAs1dye"},"_contentSize":{"__type__":"cc.Size","width":355.33,"height":26.67}},{"__type__":"cc.Node","_name":"testBtn","_parent":{"__id__":11},"_children":[{"__id__":15}],"_active":false,"_level":4,"_components":[{"__type__":"cc.Sprite","node":{"__id__":14},"_materials":[{"__uuid__":"ecpdLyjvZBwrvm+cedCcQy"}],"_spriteFrame":{"__uuid__":"8dfYa+sYhBzqnXKo2zcff/"},"_sizeMode":2,"_isTrimmedMode":false},{"__type__":"cc.Button","node":{"__id__":14},"zoomScale":1.1,"clickEvents":[{"__type__":"cc.ClickEvent","target":{"__id__":1},"_componentId":"70497PvRBJKzqRjhSMzfpgN","handler":"onClickPlayGameBtn","customEventData":"2"}],"_N$transition":3,"transition":3}],"_prefab":{"__type__":"cc.PrefabInfo","root":{"__id__":1},"asset":{"__uuid__":"4as/R6cGVHuayG3KmT6Nxt"},"fileId":"277hhvmSdEFL6mlq9mxUWS"},"_contentSize":{"__type__":"cc.Size","width":412,"height":115},"_position":{"__type__":"cc.Vec3","y":412.5}},{"__type__":"cc.Node","_name":"label","_parent":{"__id__":14},"_level":5,"_components":[{"__type__":"cc.Label","node":{"__id__":15},"_materials":[{"__uuid__":"ecpdLyjvZBwrvm+cedCcQy"}],"_useOriginalSize":false,"_string":"choose","_N$string":"choose","_N$file":{"__uuid__":"97D75Hl3VCWIaPCxJPD57i"},"_isSystemFontUsed":false,"_N$horizontalAlign":1,"_N$verticalAlign":1}],"_prefab":{"__type__":"cc.PrefabInfo","root":{"__id__":1},"asset":{"__uuid__":"4as/R6cGVHuayG3KmT6Nxt"},"fileId":"eeCyx337hK26hCsgFVFZZ9"},"_contentSize":{"__type__":"cc.Size","width":122.67,"height":26.67}},{"__type__":"cc.Node","_name":"testBtn copy","_parent":{"__id__":11},"_children":[{"__id__":17}],"_active":false,"_level":4,"_components":[{"__type__":"cc.Sprite","node":{"__id__":16},"_materials":[{"__uuid__":"ecpdLyjvZBwrvm+cedCcQy"}],"_spriteFrame":{"__uuid__":"8dfYa+sYhBzqnXKo2zcff/"},"_sizeMode":2,"_isTrimmedMode":false},{"__type__":"cc.Button","node":{"__id__":16},"zoomScale":1.1,"clickEvents":[{"__type__":"cc.ClickEvent","target":{"__id__":1},"_componentId":"70497PvRBJKzqRjhSMzfpgN","handler":"onClickPlayGameBtn","customEventData":"3"}],"_N$transition":3,"transition":3}],"_prefab":{"__type__":"cc.PrefabInfo","root":{"__id__":1},"asset":{"__uuid__":"4as/R6cGVHuayG3KmT6Nxt"},"fileId":"0bcIfGm0JCaJbkIhhicLFv"},"_contentSize":{"__type__":"cc.Size","width":412,"height":115},"_position":{"__type__":"cc.Vec3","y":237.5}},{"__type__":"cc.Node","_name":"label","_parent":{"__id__":16},"_level":5,"_components":[{"__type__":"cc.Label","node":{"__id__":17},"_materials":[{"__uuid__":"ecpdLyjvZBwrvm+cedCcQy"}],"_useOriginalSize":false,"_string":"quit","_N$string":"quit","_N$file":{"__uuid__":"97D75Hl3VCWIaPCxJPD57i"},"_isSystemFontUsed":false,"_N$horizontalAlign":1,"_N$verticalAlign":1}],"_prefab":{"__type__":"cc.PrefabInfo","root":{"__id__":1},"asset":{"__uuid__":"4as/R6cGVHuayG3KmT6Nxt"},"fileId":"66oqwF0rtJaoVgqltUClf7"},"_contentSize":{"__type__":"cc.Size","width":72.67,"height":26.67}},{"__type__":"cc.Node","_name":"singleNode","_parent":{"__id__":11},"_children":[{"__id__":19},{"__id__":20}],"_level":4,"_components":[{"__type__":"cc.Layout","node":{"__id__":18},"_layoutSize":{"__type__":"cc.Size","width":412,"height":120},"_resize":1,"_N$layoutType":1,"_N$spacingX":50}],"_prefab":{"__type__":"cc.PrefabInfo","root":{"__id__":1},"asset":{"__uuid__":"4as/R6cGVHuayG3KmT6Nxt"},"fileId":"3fIuCgSaZGu6PjzqFZHNOP"},"_contentSize":{"__type__":"cc.Size","width":412,"height":120},"_position":{"__type__":"cc.Vec3","y":60}},{"__type__":"cc.Node","_name":"rankBtn","_parent":{"__id__":18},"_active":false,"_level":5,"_components":[{"__type__":"cc.Button","node":{"__id__":19},"zoomScale":1.1,"clickEvents":[{"__type__":"cc.ClickEvent","target":{"__id__":1},"_componentId":"70497PvRBJKzqRjhSMzfpgN","handler":"onClickRankBtn"}],"_N$transition":3,"transition":3},{"__type__":"cc.Sprite","node":{"__id__":19},"_materials":[{"__uuid__":"ecpdLyjvZBwrvm+cedCcQy"}],"_spriteFrame":{"__uuid__":"66FEaf+ShIg529Dc9SfozZ"},"_sizeMode":2}],"_prefab":{"__type__":"cc.PrefabInfo","root":{"__id__":1},"asset":{"__uuid__":"4as/R6cGVHuayG3KmT6Nxt"},"fileId":"d6VSB+UDlCmb0iOshecbO5"},"_contentSize":{"__type__":"cc.Size","width":108,"height":108},"_position":{"__type__":"cc.Vec3","x":-308.5}},{"__type__":"cc.Node","_name":"singleBtn","_parent":{"__id__":18},"_children":[{"__id__":21}],"_level":5,"_components":[{"__type__":"cc.Sprite","node":{"__id__":20},"_materials":[{"__uuid__":"ecpdLyjvZBwrvm+cedCcQy"}],"_spriteFrame":{"__uuid__":"8dfYa+sYhBzqnXKo2zcff/"},"_sizeMode":2,"_isTrimmedMode":false},{"__type__":"cc.Button","node":{"__id__":20},"zoomScale":1.1,"clickEvents":[{"__type__":"cc.ClickEvent","target":{"__id__":1},"_componentId":"70497PvRBJKzqRjhSMzfpgN","handler":"onClickPlayGameBtn","customEventData":"1"}],"_N$transition":3,"transition":3}],"_prefab":{"__type__":"cc.PrefabInfo","root":{"__id__":1},"asset":{"__uuid__":"4as/R6cGVHuayG3KmT6Nxt"},"fileId":"2cBJNfe6BMb69c/uz1dXQ6"},"_contentSize":{"__type__":"cc.Size","width":412,"height":115}},{"__type__":"cc.Node","_name":"label","_parent":{"__id__":20},"_level":6,"_components":[{"__type__":"cc.Label","node":{"__id__":21},"_materials":[{"__uuid__":"ecpdLyjvZBwrvm+cedCcQy"}],"_useOriginalSize":false,"_string":"プレイ","_N$string":"プレイ","_N$horizontalAlign":1,"_N$verticalAlign":1},{"__type__":"744dcs4DCdNprNhG0xwq6FK","node":{"__id__":21},"_dataID":"label_text.play"},{"__type__":"cc.LabelOutline","node":{"__id__":21}}],"_prefab":{"__type__":"cc.PrefabInfo","root":{"__id__":1},"asset":{"__uuid__":"4as/R6cGVHuayG3KmT6Nxt"},"fileId":"59BjCuIs1IQqMzyfjjfNws"},"_contentSize":{"__type__":"cc.Size","width":122,"height":52.4}}],[{"__type__":"cc.Prefab","_name":"anim","data":{"__id__":1}},{"__type__":"cc.Node","_name":"anim","_children":[{"__id__":2}],"_level":1,"_components":[{"__type__":"14690HNUiBBGqHYaFuTZBhB","node":{"__id__":1},"countDownNode":{"__id__":2},"countDownSF":[{"__uuid__":"a6htWgWjFF9rDG34OIfkdS"},{"__uuid__":"679pY9Y7RGnZXoFKX+nwKc"},{"__uuid__":"bftiQmJs1DroZypmhqcWQu"},{"__uuid__":"3ffb0RBJZO95zo+gK6QBFW"}],"countDownSF_JP":[{"__uuid__":"0aSUGXo41O8Yi8TudJZ278"},{"__uuid__":"679pY9Y7RGnZXoFKX+nwKc"},{"__uuid__":"bftiQmJs1DroZypmhqcWQu"},{"__uuid__":"3ffb0RBJZO95zo+gK6QBFW"}],"particelSysPreb":{"__uuid__":"9cb6azZxRNRIg0BCxxGvvT"}},{"__type__":"cc.Mask","node":{"__id__":1},"_materials":[{"__uuid__":"ecpdLyjvZBwrvm+cedCcQy"}]}],"_prefab":{"__type__":"cc.PrefabInfo","root":{"__id__":1},"asset":{"__uuid__":"5122TciKlJ4bZlfWkZnaCS"},"fileId":"78UhP3DiRM3K17ClZyQlg/"},"_contentSize":{"__type__":"cc.Size","width":750,"height":1136}},{"__type__":"cc.Node","_name":"countDownAnim","_parent":{"__id__":1},"_level":3,"_components":[{"__type__":"cc.Sprite","node":{"__id__":2},"_materials":[{"__uuid__":"ecpdLyjvZBwrvm+cedCcQy"}]},{"__type__":"cc.Animation","node":{"__id__":2},"_defaultClip":{"__uuid__":"ffnLFKnvtCn4nV/T6uOK3+"},"_clips":[{"__uuid__":"ffnLFKnvtCn4nV/T6uOK3+"},{"__uuid__":"f1xH6W1mdGTZaN282Vvzq3"}]}],"_prefab":{"__type__":"cc.PrefabInfo","root":{"__id__":1},"asset":{"__uuid__":"5122TciKlJ4bZlfWkZnaCS"},"fileId":"80qDZNJ5JDeYn0tha++rbV"},"_contentSize":{"__type__":"cc.Size","width":765,"height":344}}],{"__type__":"cc.SpriteFrame","content":{"name":"no-sound1","texture":"1c61bbff0","rect":[642,985,28,21],"offset":[-1,0],"originalSize":[30,21],"rotated":1,"capInsets":[0,0,0,0]}},{"__type__":"cc.SpriteFrame","content":{"name":"button-rank","texture":"1f944af48","rect":[117,910,108,108],"offset":[0,0],"originalSize":[108,108],"capInsets":[0,0,0,0]}},{"__type__":"cc.SpriteFrame","content":{"name":"1","texture":"1f944af48","rect":[579,612,312,318],"offset":[-1,2],"originalSize":[328,344],"rotated":1,"capInsets":[0,0,0,0]}},{"__type__":"cc.SpriteFrame","content":{"name":"card3","texture":"1c61bbff0","rect":[570,766,213,300],"offset":[0,0],"originalSize":[213,300],"rotated":1,"capInsets":[0,0,0,0]}},[{"__type__":"cc.Prefab","_name":"game","data":{"__id__":1}},{"__type__":"cc.Node","_name":"game","_children":[{"__id__":2},{"__id__":3},{"__id__":4},{"__id__":6}],"_level":1,"_components":[{"__type__":"ea24dpmrN9NW7o9H9cEoSz4","node":{"__id__":1},"cardNode":{"__id__":3},"layout":{"__id__":2},"groupCellPreb":{"__uuid__":"b3i2naXoZBZoqthxH1Y9Ce"},"cardCellPreb":{"__uuid__":"85Vgy1XitJDol0Ga+GdwU/"}},{"__type__":"cc.Widget","node":{"__id__":1},"_alignFlags":45,"_originalWidth":750,"_originalHeight":1136}],"_prefab":{"__type__":"cc.PrefabInfo","root":{"__id__":1},"asset":{"__uuid__":"6dmlwKnHVGNbozCWGmsTgz"},"fileId":"23W1WBuStHPI9xOcUYUelX"},"_contentSize":{"__type__":"cc.Size","width":750,"height":1136},"_position":{"__type__":"cc.Vec3","x":375,"y":568}},{"__type__":"cc.Node","_name":"layoutNode","_parent":{"__id__":1},"_level":3,"_components":[{"__type__":"cc.Layout","node":{"__id__":2},"_layoutSize":{"__type__":"cc.Size","width":1292},"_resize":1,"_N$layoutType":2,"_N$spacingY":5}],"_prefab":{"__type__":"cc.PrefabInfo","root":{"__id__":1},"asset":{"__uuid__":"6dmlwKnHVGNbozCWGmsTgz"},"fileId":"23+gJJ69BMA42mY1JsQjdB"},"_contentSize":{"__type__":"cc.Size","width":1292},"_position":{"__type__":"cc.Vec3","y":-80},"_scale":{"__type__":"cc.Vec3","x":0.5,"y":0.5,"z":1}},{"__type__":"cc.Node","_name":"cardNode","_parent":{"__id__":1},"_level":2,"_components":[{"__type__":"cc.Widget","node":{"__id__":3},"_alignFlags":45}],"_prefab":{"__type__":"cc.PrefabInfo","root":{"__id__":1},"asset":{"__uuid__":"6dmlwKnHVGNbozCWGmsTgz"},"fileId":"c4pkHg6yZLhLNVZuntJp8U"},"_contentSize":{"__type__":"cc.Size","width":750,"height":1136}},{"__type__":"cc.Node","_name":"leftBtn","_parent":{"__id__":1},"_children":[{"__id__":5}],"_active":false,"_level":3,"_components":[{"__type__":"cc.Sprite","node":{"__id__":4},"_materials":[{"__uuid__":"ecpdLyjvZBwrvm+cedCcQy"}],"_spriteFrame":{"__uuid__":"45uyeyxpFD8J50rMGQ68+e"},"_type":1,"_sizeMode":0},{"__type__":"cc.Widget","node":{"__id__":4},"_alignFlags":9,"_left":15,"_top":83},{"__type__":"cc.Button","node":{"__id__":4},"zoomScale":1.1,"clickEvents":[{"__type__":"cc.ClickEvent","target":{"__id__":1},"_componentId":"ea24dpmrN9NW7o9H9cEoSz4","handler":"onClickArrowBtn","customEventData":"0"}],"_N$transition":3,"transition":3}],"_prefab":{"__type__":"cc.PrefabInfo","root":{"__id__":1},"asset":{"__uuid__":"6dmlwKnHVGNbozCWGmsTgz"},"fileId":"24yMviSXtAjZ6l0zuztTzd"},"_contentSize":{"__type__":"cc.Size","width":70,"height":100},"_position":{"__type__":"cc.Vec3","x":-325,"y":435}},{"__type__":"cc.Node","_name":"hall_right","_parent":{"__id__":4},"_level":4,"_components":[{"__type__":"cc.Sprite","node":{"__id__":5},"_materials":[{"__uuid__":"ecpdLyjvZBwrvm+cedCcQy"}]}],"_prefab":{"__type__":"cc.PrefabInfo","root":{"__id__":1},"asset":{"__uuid__":"6dmlwKnHVGNbozCWGmsTgz"},"fileId":"84IVYeEg1BlL/Hnhdj7epu"},"_contentSize":{"__type__":"cc.Size","width":34,"height":43}},{"__type__":"cc.Node","_name":"rightBtn","_parent":{"__id__":1},"_children":[{"__id__":7}],"_active":false,"_level":3,"_components":[{"__type__":"cc.Button","node":{"__id__":6},"zoomScale":1.1,"clickEvents":[{"__type__":"cc.ClickEvent","target":{"__id__":1},"_componentId":"ea24dpmrN9NW7o9H9cEoSz4","handler":"onClickArrowBtn","customEventData":"1"}],"_N$transition":3,"transition":3},{"__type__":"cc.Sprite","node":{"__id__":6},"_materials":[{"__uuid__":"ecpdLyjvZBwrvm+cedCcQy"}],"_spriteFrame":{"__uuid__":"45uyeyxpFD8J50rMGQ68+e"},"_type":1,"_sizeMode":0},{"__type__":"cc.Widget","node":{"__id__":6},"_alignFlags":33,"_left":15,"_right":15,"_top":83}],"_prefab":{"__type__":"cc.PrefabInfo","root":{"__id__":1},"asset":{"__uuid__":"6dmlwKnHVGNbozCWGmsTgz"},"fileId":"4aX+F5VHFBAqEeX5skcUDP"},"_contentSize":{"__type__":"cc.Size","width":70,"height":100},"_position":{"__type__":"cc.Vec3","x":325,"y":435}},{"__type__":"cc.Node","_name":"hall_right","_parent":{"__id__":6},"_level":4,"_components":[{"__type__":"cc.Sprite","node":{"__id__":7},"_materials":[{"__uuid__":"ecpdLyjvZBwrvm+cedCcQy"}]}],"_prefab":{"__type__":"cc.PrefabInfo","root":{"__id__":1},"asset":{"__uuid__":"6dmlwKnHVGNbozCWGmsTgz"},"fileId":"dfOixdZJlMorD46v8JHyBQ"},"_contentSize":{"__type__":"cc.Size","width":34,"height":43},"_scale":{"__type__":"cc.Vec3","x":-1,"y":1,"z":1}}],{"__type__":"cc.SpriteFrame","content":{"name":"logo","texture":"2a36PdmrlCpoX8QpdI5Emo","rect":[19,61,533,483],"offset":[0.5,-22.5],"originalSize":[570,560],"capInsets":[0,0,0,0]}},[{"__type__":"cc.Prefab","_name":"cardCell","data":{"__id__":1}},{"__type__":"cc.Node","_name":"cardCell","_children":[{"__id__":2},{"__id__":3},{"__id__":7}],"_level":1,"_components":[{"__type__":"377e4p1LRBLZ6qpmYHuDDHD","node":{"__id__":1},"animNode":{"__id__":3},"itemIcon":{"__id__":5},"itemMask":{"__id__":6},"itemBtn":{"__id__":9},"idLab":{"__id__":8},"animBgNode":{"__id__":2}},{"__id__":9}],"_prefab":{"__type__":"cc.PrefabInfo","root":{"__id__":1},"asset":{"__uuid__":"85Vgy1XitJDol0Ga+GdwU/"},"fileId":"552Krk/3dOirEbDiS03WBv"},"_contentSize":{"__type__":"cc.Size","width":207,"height":292}},{"__type__":"cc.Node","_name":"animBgNode","_parent":{"__id__":1},"_level":2,"_components":[{"__type__":"cc.Sprite","node":{"__id__":2},"_materials":[{"__uuid__":"ecpdLyjvZBwrvm+cedCcQy"}],"_spriteFrame":{"__uuid__":"6dAFrnzA5ArKDXwyztPfUl"},"_sizeMode":2,"_isTrimmedMode":false},{"__type__":"cc.Animation","node":{"__id__":2},"_clips":[{"__uuid__":"09e8Ogey5JwJ+NOD+sH5f1"}]}],"_prefab":{"__type__":"cc.PrefabInfo","root":{"__id__":1},"asset":{"__uuid__":"85Vgy1XitJDol0Ga+GdwU/"},"fileId":"58IwSg80tKGo0pTbR0RaNT"},"_opacity":0,"_contentSize":{"__type__":"cc.Size","width":213,"height":300},"_scale":{"__type__":"cc.Vec3","x":1.1,"y":1.05,"z":1}},{"__type__":"cc.Node","_name":"animNode","_parent":{"__id__":1},"_children":[{"__id__":4},{"__id__":6}],"_level":2,"_components":[{"__type__":"cc.Sprite","node":{"__id__":3},"_materials":[{"__uuid__":"ecpdLyjvZBwrvm+cedCcQy"}],"_spriteFrame":{"__uuid__":"d1tSKQsVBFK5Ryw5BjYSDJ"},"_sizeMode":2,"_isTrimmedMode":false},{"__type__":"cc.Widget","node":{"__id__":3},"_alignFlags":45}],"_prefab":{"__type__":"cc.PrefabInfo","root":{"__id__":1},"asset":{"__uuid__":"85Vgy1XitJDol0Ga+GdwU/"},"fileId":"2abBzOLj1P1K2MaPs76abW"},"_contentSize":{"__type__":"cc.Size","width":207,"height":292}},{"__type__":"cc.Node","_name":"itemIcon","_parent":{"__id__":3},"_level":3,"_components":[{"__id__":5}],"_prefab":{"__type__":"cc.PrefabInfo","root":{"__id__":1},"asset":{"__uuid__":"85Vgy1XitJDol0Ga+GdwU/"},"fileId":"aa3Ba/nFtL7J1J2oYamUB5"},"_contentSize":{"__type__":"cc.Size","width":415,"height":600}},{"__type__":"cc.Sprite","node":{"__id__":4},"_materials":[{"__uuid__":"ecpdLyjvZBwrvm+cedCcQy"}],"_sizeMode":2,"_isTrimmedMode":false},{"__type__":"cc.Node","_name":"itemMask","_parent":{"__id__":3},"_level":3,"_components":[{"__type__":"cc.Sprite","node":{"__id__":6},"_materials":[{"__uuid__":"ecpdLyjvZBwrvm+cedCcQy"}],"_spriteFrame":{"__uuid__":"edLIO5FtxJEpPgQZ9lbyU8"},"_sizeMode":2,"_isTrimmedMode":false}],"_prefab":{"__type__":"cc.PrefabInfo","root":{"__id__":1},"asset":{"__uuid__":"85Vgy1XitJDol0Ga+GdwU/"},"fileId":"6bhcoYL7ZP2JPJ2gMk9B9l"},"_contentSize":{"__type__":"cc.Size","width":207,"height":292}},{"__type__":"cc.Node","_name":"idLab","_parent":{"__id__":1},"_active":false,"_level":2,"_components":[{"__id__":8},{"__type__":"cc.LabelOutline","node":{"__id__":7},"_color":{"__type__":"cc.Color"},"_width":2}],"_prefab":{"__type__":"cc.PrefabInfo","root":{"__id__":1},"asset":{"__uuid__":"85Vgy1XitJDol0Ga+GdwU/"},"fileId":"78PJHqktBApo41nTvMEq5W"},"_color":{"__type__":"cc.Color"},"_contentSize":{"__type__":"cc.Size","width":4,"height":54.4},"_anchorPoint":{"__type__":"cc.Vec2","y":0.5},"_position":{"__type__":"cc.Vec3","x":-83.013,"y":108.989}},{"__type__":"cc.Label","node":{"__id__":7},"_materials":[{"__uuid__":"ecpdLyjvZBwrvm+cedCcQy"}],"_useOriginalSize":false,"_N$verticalAlign":1},{"__type__":"cc.Button","node":{"__id__":1},"clickEvents":[{"__type__":"cc.ClickEvent","target":{"__id__":1},"_componentId":"377e4p1LRBLZ6qpmYHuDDHD","handler":"onClickBtn"}]}],{"__type__":"cc.SpriteFrame","content":{"name":"title-bg","texture":"1f944af48","rect":[3,623,570,171],"offset":[0,0],"originalSize":[570,171],"capInsets":[0,0,0,0]}},{"__type__":"cc.SpriteFrame","content":{"name":"button-yellow","texture":"1f944af48","rect":[903,612,408,108],"offset":[2,-0.5],"originalSize":[412,115],"rotated":1,"capInsets":[40,40,40,40]}},{"__type__":"cc.ParticleAsset","_name":"particle_texture","_native":".plist","spriteFrame":{"__uuid__":"f6rY9ewKJLxoSwh8niT1kd"}},[{"__type__":"cc.Prefab","_name":"particlePreb","data":{"__id__":1}},{"__type__":"cc.Node","_name":"particle_texture","_level":1,"_components":[{"__type__":"cc.ParticleSystem","node":{"__id__":1},"_materials":[{"__uuid__":"ecpdLyjvZBwrvm+cedCcQy"}],"_custom":true,"_file":{"__uuid__":"998zGvLTVPSYodAbuoehtS"},"_spriteFrame":{"__uuid__":"f6rY9ewKJLxoSwh8niT1kd"},"_stopped":false,"autoRemoveOnFinish":true,"totalParticles":200,"duration":3,"emissionRate":50,"life":5,"_startColor":{"__type__":"cc.Color","r":255,"g":51,"b":51},"_startColorVar":{"__type__":"cc.Color","r":255,"g":255,"b":255},"_endColor":{"__type__":"cc.Color","r":255,"g":140,"b":191},"_endColorVar":{"__type__":"cc.Color","r":109,"g":109,"b":127,"a":191},"angle":-90,"angleVar":44,"startSize":46,"startSizeVar":27,"endSize":42,"startSpin":-12,"startSpinVar":158,"posVar":{"__type__":"cc.Vec2","x":800,"y":800},"_positionType":1,"positionType":1,"gravity":{"__type__":"cc.Vec2","y":-50},"speed":186,"speedVar":39,"tangentialAccel":0,"tangentialAccelVar":51,"radialAccelVar":15},{"__type__":"cc.Widget","node":{"__id__":1},"_alignFlags":45}],"_prefab":{"__type__":"cc.PrefabInfo","root":{"__id__":1},"asset":{"__uuid__":"9cb6azZxRNRIg0BCxxGvvT"},"fileId":"09CXf+kBhFhKk0Zuz18DtN"},"_contentSize":{"__type__":"cc.Size","width":750,"height":1136},"_position":{"__type__":"cc.Vec3","x":375,"y":568}}],{"__type__":"cc.SpriteFrame","content":{"name":"go","texture":"1c61bbff0","rect":[570,3,757,326],"offset":[-12.5,-1],"originalSize":[782,344],"rotated":1,"capInsets":[0,0,0,0]}},[{"__type__":"cc.Prefab","_name":"groupCell","data":{"__id__":1}},{"__type__":"cc.Node","_name":"groupCell","_level":1,"_components":[{"__type__":"cc.Layout","node":{"__id__":1},"_layoutSize":{"__type__":"cc.Size","height":292},"_resize":1,"_N$layoutType":1,"_N$spacingX":20}],"_prefab":{"__type__":"cc.PrefabInfo","root":{"__id__":1},"asset":{"__uuid__":"b3i2naXoZBZoqthxH1Y9Ce"},"fileId":"3cjgFJ+f1MaZTvjJFS1YVe"},"_contentSize":{"__type__":"cc.Size","height":292}}],{"__type__":"cc.SpriteFrame","content":{"name":"2","texture":"191c347df","rect":[3,301,312,318],"offset":[-1,2],"originalSize":[328,344],"rotated":1,"capInsets":[0,0,0,0]}},{"__type__":"cc.SpriteFrame","content":{"name":"sound","texture":"1c61bbff0","rect":[669,985,28,21],"offset":[-1,0],"originalSize":[30,21],"rotated":1,"capInsets":[0,0,0,0]}},{"__type__":"cc.SpriteFrame","content":{"name":"card2","texture":"191c347df","rect":[3,3,207,292],"offset":[0,0],"originalSize":[207,292],"capInsets":[0,0,0,0]}},{"__type__":"cc.SpriteFrame","content":{"name":"setting_btn","texture":"1c61bbff0","rect":[902,676,84,84],"offset":[0,0],"originalSize":[84,84],"capInsets":[0,0,0,0]}},[{"__type__":"cc.Prefab","_name":"score","data":{"__id__":1}},{"__type__":"cc.Node","_name":"score","_children":[{"__id__":2},{"__id__":17}],"_level":1,"_components":[{"__type__":"22936tnAZZLQIwA8ORKX31A","node":{"__id__":1},"logo":{"__id__":2},"stageLab":{"__id__":6},"timeLab":{"__id__":9},"timeLab_des":{"__id__":11},"scoreEffect":{"__id__":13},"animNode":{"__id__":17},"addCell":{"__uuid__":"33VUavw6xBwKuuw3S/KEn/"}},{"__type__":"cc.Widget","node":{"__id__":1},"_alignFlags":45,"_originalWidth":750,"_originalHeight":1136}],"_prefab":{"__type__":"cc.PrefabInfo","root":{"__id__":1},"asset":{"__uuid__":"e0pPOqZ7dD9KRbeyIaksC4"},"fileId":"1fV4OYpxZLYYAS1eZhWxit"},"_contentSize":{"__type__":"cc.Size","width":750,"height":1136},"_position":{"__type__":"cc.Vec3","x":375,"y":568}},{"__type__":"cc.Node","_name":"bg","_parent":{"__id__":1},"_children":[{"__id__":3},{"__id__":7},{"__id__":12}],"_level":3,"_components":[{"__type__":"cc.Sprite","node":{"__id__":2},"_materials":[{"__uuid__":"ecpdLyjvZBwrvm+cedCcQy"}],"_spriteFrame":{"__uuid__":"88s0zUWL1Gi7PlpY3v+uNP"},"_sizeMode":2},{"__type__":"cc.Widget","node":{"__id__":2},"_alignFlags":1,"_top":82.5}],"_prefab":{"__type__":"cc.PrefabInfo","root":{"__id__":1},"asset":{"__uuid__":"e0pPOqZ7dD9KRbeyIaksC4"},"fileId":"f0eCguYApNM5HSW1PZ9oIq"},"_contentSize":{"__type__":"cc.Size","width":570,"height":171},"_position":{"__type__":"cc.Vec3","y":400}},{"__type__":"cc.Node","_name":"hLayout","_parent":{"__id__":2},"_children":[{"__id__":4},{"__id__":5}],"_level":4,"_components":[{"__type__":"cc.Layout","node":{"__id__":3},"_layoutSize":{"__type__":"cc.Size","width":131.67000000000002,"height":26.67},"_resize":1,"_N$layoutType":1}],"_prefab":{"__type__":"cc.PrefabInfo","root":{"__id__":1},"asset":{"__uuid__":"e0pPOqZ7dD9KRbeyIaksC4"},"fileId":"3fgD5twmVJrYEh/GBo7JXY"},"_contentSize":{"__type__":"cc.Size","width":131.67000000000002,"height":26.67},"_position":{"__type__":"cc.Vec3","y":5}},{"__type__":"cc.Node","_name":"icon","_parent":{"__id__":3},"_level":5,"_components":[{"__type__":"cc.Label","node":{"__id__":4},"_materials":[{"__uuid__":"ecpdLyjvZBwrvm+cedCcQy"}],"_useOriginalSize":false,"_string":"レベル","_N$string":"レベル","_fontSize":35,"_N$horizontalAlign":1,"_N$verticalAlign":1},{"__type__":"744dcs4DCdNprNhG0xwq6FK","node":{"__id__":4},"_dataID":"label_text.stage"},{"__type__":"cc.LabelOutline","node":{"__id__":4},"_color":{"__type__":"cc.Color"},"_width":2}],"_prefab":{"__type__":"cc.PrefabInfo","root":{"__id__":1},"asset":{"__uuid__":"e0pPOqZ7dD9KRbeyIaksC4"},"fileId":"e6bX4IlgVAz6BrdB+c10z0"},"_contentSize":{"__type__":"cc.Size","width":109,"height":54.4},"_position":{"__type__":"cc.Vec3","x":-11.335000000000008}},{"__type__":"cc.Node","_name":"stageLab","_parent":{"__id__":3},"_level":5,"_components":[{"__id__":6}],"_prefab":{"__type__":"cc.PrefabInfo","root":{"__id__":1},"asset":{"__uuid__":"e0pPOqZ7dD9KRbeyIaksC4"},"fileId":"24Wo3+PRtHw6/JKPgX7jB2"},"_contentSize":{"__type__":"cc.Size","width":22.67,"height":26.67},"_position":{"__type__":"cc.Vec3","x":54.49999999999999,"y":-5}},{"__type__":"cc.Label","node":{"__id__":5},"_materials":[{"__uuid__":"ecpdLyjvZBwrvm+cedCcQy"}],"_useOriginalSize":false,"_string":"1","_N$string":"1","_N$file":{"__uuid__":"9elZmWDh9KNIHgrqobLntL"},"_isSystemFontUsed":false,"_N$horizontalAlign":1,"_N$verticalAlign":1},{"__type__":"cc.Node","_name":"timeLayout","_parent":{"__id__":2},"_children":[{"__id__":8},{"__id__":10}],"_level":4,"_components":[{"__type__":"cc.Layout","node":{"__id__":7},"_layoutSize":{"__type__":"cc.Size","width":99.83,"height":30},"_resize":1,"_N$layoutType":1,"_N$spacingX":-2}],"_prefab":{"__type__":"cc.PrefabInfo","root":{"__id__":1},"asset":{"__uuid__":"e0pPOqZ7dD9KRbeyIaksC4"},"fileId":"64rUCJ9tlDwrilw/dBxvE9"},"_contentSize":{"__type__":"cc.Size","width":99.83,"height":30},"_position":{"__type__":"cc.Vec3","y":-50},"_scale":{"__type__":"cc.Vec3","x":1.2,"y":1.2,"z":1}},{"__type__":"cc.Node","_name":"timeLab","_parent":{"__id__":7},"_level":6,"_components":[{"__id__":9}],"_prefab":{"__type__":"cc.PrefabInfo","root":{"__id__":1},"asset":{"__uuid__":"e0pPOqZ7dD9KRbeyIaksC4"},"fileId":"35YKIsEU5PBZw+lYKvXQM/"},"_color":{"__type__":"cc.Color","r":160,"g":255,"b":75},"_contentSize":{"__type__":"cc.Size","width":42.5,"height":30},"_position":{"__type__":"cc.Vec3","x":-28.665}},{"__type__":"cc.Label","node":{"__id__":8},"_materials":[{"__uuid__":"ecpdLyjvZBwrvm+cedCcQy"}],"_useOriginalSize":false,"_string":"00","_N$string":"00","_fontSize":30,"_lineHeight":60,"_N$file":{"__uuid__":"9elZmWDh9KNIHgrqobLntL"},"_isSystemFontUsed":false,"_N$horizontalAlign":1,"_N$verticalAlign":2,"_N$overflow":2},{"__type__":"cc.Node","_name":"timeLab_dec","_parent":{"__id__":7},"_level":6,"_components":[{"__id__":11}],"_prefab":{"__type__":"cc.PrefabInfo","root":{"__id__":1},"asset":{"__uuid__":"e0pPOqZ7dD9KRbeyIaksC4"},"fileId":"e6it8HorpP65ZH643qiTPr"},"_color":{"__type__":"cc.Color","r":160,"g":255,"b":75},"_contentSize":{"__type__":"cc.Size","width":59.33,"height":20},"_position":{"__type__":"cc.Vec3","x":20.25}},{"__type__":"cc.Label","node":{"__id__":10},"_materials":[{"__uuid__":"ecpdLyjvZBwrvm+cedCcQy"}],"_useOriginalSize":false,"_string":".000s","_N$string":".000s","_fontSize":20,"_lineHeight":60,"_N$file":{"__uuid__":"9elZmWDh9KNIHgrqobLntL"},"_isSystemFontUsed":false,"_N$horizontalAlign":1,"_N$verticalAlign":2,"_N$overflow":2},{"__type__":"cc.Node","_name":"scoreNode","_parent":{"__id__":2},"_children":[{"__id__":13}],"_level":4,"_components":[{"__type__":"cc.Layout","node":{"__id__":12},"_layoutSize":{"__type__":"cc.Size","width":17.6,"height":16},"_resize":1,"_N$layoutType":1}],"_prefab":{"__type__":"cc.PrefabInfo","root":{"__id__":1},"asset":{"__uuid__":"e0pPOqZ7dD9KRbeyIaksC4"},"fileId":"f3u4Ep+IpCs5s2+pglCF95"},"_contentSize":{"__type__":"cc.Size","width":17.6,"height":16},"_position":{"__type__":"cc.Vec3","y":-120},"_scale":{"__type__":"cc.Vec3","x":2,"y":2,"z":1}},{"__type__":"cc.Node","_name":"numEffect","_parent":{"__id__":12},"_children":[{"__id__":14},{"__id__":15}],"_level":8,"_components":[{"__type__":"c702cSKBmVIbLe8hXIT1ay/","node":{"__id__":13},"numColPrefab":{"__uuid__":"0cZB3XDwlIH4QkDwMZlvNl"},"container":{"__id__":13},"symbolNode":{"__id__":14},"unitLabel":{"__id__":16},"offsetY":8,"scaleNumer":1.3},{"__type__":"cc.Layout","node":{"__id__":13},"_layoutSize":{"__type__":"cc.Size","width":17.6,"height":30},"_resize":1,"_N$layoutType":1,"_N$spacingX":-1},{"__type__":"cc.Mask","node":{"__id__":13},"_materials":[{"__uuid__":"ecpdLyjvZBwrvm+cedCcQy"}]}],"_prefab":{"__type__":"cc.PrefabInfo","root":{"__id__":1},"asset":{"__uuid__":"e0pPOqZ7dD9KRbeyIaksC4"},"fileId":"7cYGkoSwBMD5JUS3rLPtIe"},"_contentSize":{"__type__":"cc.Size","width":17.6,"height":30}},{"__type__":"cc.Node","_name":"symbol","_parent":{"__id__":13},"_level":5,"_components":[{"__type__":"cc.Label","node":{"__id__":14},"_materials":[{"__uuid__":"ecpdLyjvZBwrvm+cedCcQy"}],"_useOriginalSize":false,"_string":".","_N$string":".","_fontSize":18,"_lineHeight":60,"_N$file":{"__uuid__":"9elZmWDh9KNIHgrqobLntL"},"_isSystemFontUsed":false,"_N$horizontalAlign":1,"_N$verticalAlign":1}],"_prefab":{"__type__":"cc.PrefabInfo","root":{"__id__":1},"asset":{"__uuid__":"e0pPOqZ7dD9KRbeyIaksC4"},"fileId":"5b8zqgpq9E1q/x1JR7ux3M"},"_color":{"__type__":"cc.Color","r":239,"g":220,"b":184},"_contentSize":{"__type__":"cc.Size","width":7.2,"height":18},"_anchorPoint":{"__type__":"cc.Vec2","y":1},"_position":{"__type__":"cc.Vec3","x":-8.8,"y":9}},{"__type__":"cc.Node","_name":"unit","_parent":{"__id__":13},"_level":5,"_components":[{"__id__":16}],"_prefab":{"__type__":"cc.PrefabInfo","root":{"__id__":1},"asset":{"__uuid__":"e0pPOqZ7dD9KRbeyIaksC4"},"fileId":"b5TbeA3xtNJLWWPM0znKdI"},"_color":{"__type__":"cc.Color","r":239,"g":220,"b":184},"_contentSize":{"__type__":"cc.Size","width":11.4,"height":18},"_anchorPoint":{"__type__":"cc.Vec2","y":1},"_position":{"__type__":"cc.Vec3","x":-2.6000000000000005,"y":9}},{"__type__":"cc.Label","node":{"__id__":15},"_materials":[{"__uuid__":"ecpdLyjvZBwrvm+cedCcQy"}],"_useOriginalSize":false,"_string":"k","_N$string":"k","_fontSize":18,"_lineHeight":60,"_N$file":{"__uuid__":"9elZmWDh9KNIHgrqobLntL"},"_isSystemFontUsed":false,"_N$horizontalAlign":1,"_N$verticalAlign":1},{"__type__":"cc.Node","_name":"animNode","_parent":{"__id__":1},"_level":2,"_components":[{"__type__":"cc.Widget","node":{"__id__":17},"_alignFlags":45}],"_prefab":{"__type__":"cc.PrefabInfo","root":{"__id__":1},"asset":{"__uuid__":"e0pPOqZ7dD9KRbeyIaksC4"},"fileId":"666P0kd8lBMYZJkjPF77wf"},"_contentSize":{"__type__":"cc.Size","width":750,"height":1136}}],{"__type__":"cc.SpriteFrame","content":{"name":"card","texture":"191c347df","rect":[216,3,207,292],"offset":[0,0],"originalSize":[207,292],"capInsets":[0,0,0,0]}},{"__type__":"cc.AnimationClip","_name":"countDown_1","_duration":0.8333333333333334,"curveData":{"props":{"scale":[{"frame":0,"value":{"__type__":"cc.Vec2","x":1.3,"y":1.3}},{"frame":0.08333333333333333,"value":{"__type__":"cc.Vec2","x":1,"y":1}}],"opacity":[{"frame":0.08333333333333333,"value":255},{"frame":0.8333333333333334,"value":0}]}}},{"__type__":"cc.SpriteFrame","content":{"name":"particle_texture","texture":"b4U4W3fhtCuaMYxTTrdT3x","rect":[9,5,42,47],"offset":[0,1.5],"originalSize":[60,60],"capInsets":[0,0,0,0]}},{"__type__":"cc.SpriteFrame","content":{"name":"Scenes","texture":"ddbPO9jx9NR4JfnKkh0UCw","rect":[0,0,750,1136],"offset":[0,0],"originalSize":[750,1136],"capInsets":[0,0,0,0]}},{"__type__":"cc.SpriteFrame","content":{"name":"logo","texture":"3eFmDsmrFAhIYPSAwlDxXA","rect":[0,0,515,473],"offset":[0,0],"originalSize":[515,473],"capInsets":[0,0,0,0]}}]