[{"__type__":"cc.Prefab","_name":"scrollView","data":{"__id__":1}},{"__type__":"cc.Node","_name":"scrollView","_children":[{"__id__":2}],"_level":1,"_components":[{"__type__":"cc.ScrollView","node":{"__id__":1},"horizontal":false,"brake":0.75,"bounceDuration":0.23,"_N$content":{"__id__":3},"content":{"__id__":3},"_N$horizontalScrollBar":null,"_N$verticalScrollBar":null},{"__type__":"cc.Widget","node":{"__id__":1},"_alignFlags":40,"_left":10,"_right":10,"_originalWidth":700}],"_prefab":{"__type__":"cc.PrefabInfo","root":{"__id__":1},"asset":{"__uuid__":"dapMQvG41EEbFMwsK+aGtF"},"fileId":"e7s6o0v7FMPqg0kCZlJKVd"},"_contentSize":{"__type__":"cc.Size","width":730,"height":250},"_anchorPoint":{"__type__":"cc.Vec2","x":0.5,"y":1},"_position":{"__type__":"cc.Vec3","x":375,"y":225},"groupIndex":1},{"__type__":"cc.Node","_name":"view","_parent":{"__id__":1},"_children":[{"__id__":3}],"_components":[{"__type__":"cc.Mask","node":{"__id__":2},"_materials":[{"__uuid__":"ecpdLyjvZBwrvm+cedCcQy"}]},{"__type__":"cc.Widget","node":{"__id__":2},"_alignFlags":40,"_originalWidth":240}],"_prefab":{"__type__":"cc.PrefabInfo","root":{"__id__":1},"asset":{"__uuid__":"dapMQvG41EEbFMwsK+aGtF"},"fileId":"d0lk9tsXVIOIpFcr4q+jZv"},"_contentSize":{"__type__":"cc.Size","width":730,"height":490},"_anchorPoint":{"__type__":"cc.Vec2","x":0.5,"y":1}},{"__type__":"cc.Node","_name":"content","_parent":{"__id__":2},"_components":[{"__type__":"cc.Layout","node":{"__id__":3},"_layoutSize":{"__type__":"cc.Size","width":730},"_resize":1,"_N$layoutType":2},{"__type__":"cc.Widget","node":{"__id__":3},"_alignFlags":40,"_originalWidth":220}],"_prefab":{"__type__":"cc.PrefabInfo","root":{"__id__":1},"asset":{"__uuid__":"dapMQvG41EEbFMwsK+aGtF"},"fileId":"2a0f7+47RBXZl3QusAl9Xa"},"_contentSize":{"__type__":"cc.Size","width":730},"_anchorPoint":{"__type__":"cc.Vec2","x":0.5,"y":1}}]