[[{"__type__":"cc.Prefab","_name":"loading","data":{"__id__":1}},{"__type__":"cc.Node","_name":"loading","_children":[{"__id__":2},{"__id__":3}],"_level":1,"_components":[{"__type__":"cc.Widget","node":{"__id__":1},"alignMode":0,"_alignFlags":45,"_originalWidth":1280,"_originalHeight":720},{"__type__":"cc.BlockInputEvents","node":{"__id__":1}},{"__type__":"34e7aFW/uVFVIfXycZW6RWT","node":{"__id__":1},"cycleIcon":{"__id__":4}}],"_prefab":{"__type__":"cc.PrefabInfo","root":{"__id__":1},"asset":{"__uuid__":"4fynpXzjZEd6tvk3hiWOYv"},"fileId":"afrtnrP+NDcrm2j2yKI2SN"},"_color":{"__type__":"cc.Color"},"_contentSize":{"__type__":"cc.Size","width":750,"height":1136},"_position":{"__type__":"cc.Vec3","x":375,"y":568}},{"__type__":"cc.Node","_name":"bg","_parent":{"__id__":1},"_level":2,"_components":[{"__type__":"cc.Sprite","node":{"__id__":2},"_materials":[{"__uuid__":"ecpdLyjvZBwrvm+cedCcQy"}],"_spriteFrame":{"__uuid__":"a2MjXRFdtLlYQ5ouAFv/+R"},"_sizeMode":0},{"__type__":"cc.Widget","node":{"__id__":2},"alignMode":0,"_alignFlags":45,"_originalWidth":100,"_originalHeight":100}],"_prefab":{"__type__":"cc.PrefabInfo","root":{"__id__":1},"asset":{"__uuid__":"4fynpXzjZEd6tvk3hiWOYv"},"fileId":"b9LIsvt45C9Ypa87TMMT/6"},"_opacity":150,"_color":{"__type__":"cc.Color"},"_contentSize":{"__type__":"cc.Size","width":750,"height":1136}},{"__type__":"cc.Node","_name":"waitNode","_parent":{"__id__":1},"_children":[{"__id__":4}],"_prefab":{"__type__":"cc.PrefabInfo","root":{"__id__":1},"asset":{"__uuid__":"4fynpXzjZEd6tvk3hiWOYv"},"fileId":"ddK3HEkixALKcmsiOjykQj"},"_position":{"__type__":"cc.Vec3","y":-120}},{"__type__":"cc.Node","_name":"cycleIcon","_parent":{"__id__":3},"_components":[{"__type__":"cc.Sprite","node":{"__id__":4},"_materials":[{"__uuid__":"ecpdLyjvZBwrvm+cedCcQy"}],"_spriteFrame":{"__uuid__":"5aODqgnn5PX5deMuX2+aq8"},"_sizeMode":2,"_isTrimmedMode":false}],"_prefab":{"__type__":"cc.PrefabInfo","root":{"__id__":1},"asset":{"__uuid__":"4fynpXzjZEd6tvk3hiWOYv"},"fileId":"76MaWl4TZJrY/ysISk60mZ"},"_contentSize":{"__type__":"cc.Size","width":104,"height":104}}],{"__type__":"cc.SpriteFrame","content":{"name":"iconWaiting","texture":"1f944af48","rect":[231,910,104,104],"offset":[0,0],"originalSize":[104,104],"capInsets":[0,0,0,0]}},{"__type__":"cc.SpriteFrame","content":{"name":"default_sprite_splash","texture":"02delMVqdBD70a/HSD99FK","rect":[0,0,2,2],"offset":[0,0],"originalSize":[2,2],"capInsets":[0,0,0,0]}}]