[{"__type__":"cc.SpriteFrame","content":{"name":"BernhardGotURW-Hea","texture":"c6VcXjsmpC06yb6jvPtHAV","rect":[2,2,440,441],"offset":[-2,1.5],"originalSize":[448,448],"capInsets":[0,0,0,0]}},{"__type__":"cc.BitmapFont","_name":"BernhardGotURW-Hea","spriteFrame":{"__uuid__":"82qJk33dhNNpUTaS8uidEO"},"fontSize":60,"_fntConfig":{"commonHeight":63,"fontSize":60,"atlasName":"BernhardGotURW-Hea.png","fontDefDictionary":{"32":{"rect":{"x":70,"y":50,"width":0,"height":0},"xOffset":0,"yOffset":43,"xAdvance":12},"33":{"rect":{"x":24,"y":306,"width":20,"height":48},"xOffset":4,"yOffset":2,"xAdvance":21},"34":{"rect":{"x":146,"y":398,"width":24,"height":24},"xOffset":6,"yOffset":2,"xAdvance":30},"35":{"rect":{"x":228,"y":256,"width":36,"height":46},"xOffset":2,"yOffset":3,"xAdvance":33},"36":{"rect":{"x":50,"y":116,"width":38,"height":56},"xOffset":3,"yOffset":-5,"xAdvance":38},"37":{"rect":{"x":180,"y":208,"width":46,"height":48},"xOffset":3,"yOffset":2,"xAdvance":45},"38":{"rect":{"x":2,"y":2,"width":66,"height":54},"xOffset":2,"yOffset":-1,"xAdvance":62},"39":{"rect":{"x":428,"y":108,"width":14,"height":24},"xOffset":4,"yOffset":2,"xAdvance":15},"40":{"rect":{"x":24,"y":122,"width":24,"height":62},"xOffset":2,"yOffset":-6,"xAdvance":22},"41":{"rect":{"x":24,"y":58,"width":24,"height":62},"xOffset":1,"yOffset":-6,"xAdvance":22},"42":{"rect":{"x":420,"y":208,"width":22,"height":22},"xOffset":7,"yOffset":2,"xAdvance":31},"43":{"rect":{"x":266,"y":332,"width":36,"height":34},"xOffset":1,"yOffset":8,"xAdvance":30},"44":{"rect":{"x":146,"y":366,"width":20,"height":30},"xOffset":3,"yOffset":30,"xAdvance":19},"45":{"rect":{"x":146,"y":424,"width":22,"height":16},"xOffset":2,"yOffset":23,"xAdvance":20},"46":{"rect":{"x":424,"y":176,"width":20,"height":20},"xOffset":4,"yOffset":29,"xAdvance":21},"47":{"rect":{"x":386,"y":158,"width":36,"height":48},"xOffset":0,"yOffset":1,"xAdvance":33},"48":{"rect":{"x":344,"y":158,"width":40,"height":48},"xOffset":4,"yOffset":2,"xAdvance":41},"49":{"rect":{"x":2,"y":396,"width":20,"height":48},"xOffset":14,"yOffset":1,"xAdvance":41},"50":{"rect":{"x":304,"y":158,"width":38,"height":48},"xOffset":5,"yOffset":1,"xAdvance":41},"51":{"rect":{"x":408,"y":2,"width":36,"height":50},"xOffset":5,"yOffset":0,"xAdvance":41},"52":{"rect":{"x":260,"y":158,"width":42,"height":48},"xOffset":2,"yOffset":1,"xAdvance":41},"53":{"rect":{"x":222,"y":158,"width":36,"height":48},"xOffset":5,"yOffset":3,"xAdvance":41},"54":{"rect":{"x":50,"y":226,"width":40,"height":50},"xOffset":4,"yOffset":0,"xAdvance":41},"55":{"rect":{"x":382,"y":208,"width":36,"height":46},"xOffset":7,"yOffset":3,"xAdvance":41},"56":{"rect":{"x":180,"y":158,"width":40,"height":48},"xOffset":4,"yOffset":1,"xAdvance":41},"57":{"rect":{"x":50,"y":174,"width":40,"height":50},"xOffset":4,"yOffset":2,"xAdvance":41},"58":{"rect":{"x":24,"y":404,"width":20,"height":36},"xOffset":4,"yOffset":13,"xAdvance":21},"59":{"rect":{"x":424,"y":58,"width":20,"height":46},"xOffset":3,"yOffset":14,"xAdvance":19},"60":{"rect":{"x":266,"y":294,"width":36,"height":36},"xOffset":1,"yOffset":7,"xAdvance":30},"61":{"rect":{"x":380,"y":256,"width":36,"height":22},"xOffset":1,"yOffset":14,"xAdvance":30},"62":{"rect":{"x":342,"y":256,"width":36,"height":36},"xOffset":1,"yOffset":7,"xAdvance":30},"63":{"rect":{"x":146,"y":158,"width":32,"height":48},"xOffset":1,"yOffset":2,"xAdvance":28},"64":{"rect":{"x":356,"y":2,"width":50,"height":50},"xOffset":0,"yOffset":1,"xAdvance":41},"65":{"rect":{"x":378,"y":108,"width":48,"height":46},"xOffset":1,"yOffset":3,"xAdvance":44},"66":{"rect":{"x":336,"y":108,"width":40,"height":48},"xOffset":3,"yOffset":2,"xAdvance":37},"67":{"rect":{"x":292,"y":108,"width":42,"height":48},"xOffset":2,"yOffset":2,"xAdvance":38},"68":{"rect":{"x":246,"y":108,"width":44,"height":48},"xOffset":3,"yOffset":2,"xAdvance":41},"69":{"rect":{"x":346,"y":208,"width":34,"height":46},"xOffset":3,"yOffset":3,"xAdvance":31},"70":{"rect":{"x":310,"y":208,"width":34,"height":46},"xOffset":3,"yOffset":3,"xAdvance":31},"71":{"rect":{"x":196,"y":108,"width":48,"height":48},"xOffset":2,"yOffset":2,"xAdvance":44},"72":{"rect":{"x":264,"y":208,"width":44,"height":46},"xOffset":3,"yOffset":3,"xAdvance":43},"73":{"rect":{"x":24,"y":356,"width":20,"height":46},"xOffset":3,"yOffset":3,"xAdvance":19},"74":{"rect":{"x":100,"y":358,"width":32,"height":48},"xOffset":0,"yOffset":2,"xAdvance":28},"75":{"rect":{"x":100,"y":308,"width":44,"height":48},"xOffset":3,"yOffset":2,"xAdvance":41},"76":{"rect":{"x":228,"y":208,"width":34,"height":46},"xOffset":3,"yOffset":3,"xAdvance":31},"77":{"rect":{"x":304,"y":2,"width":50,"height":46},"xOffset":3,"yOffset":3,"xAdvance":48},"78":{"rect":{"x":180,"y":354,"width":44,"height":46},"xOffset":3,"yOffset":3,"xAdvance":42},"79":{"rect":{"x":146,"y":108,"width":48,"height":48},"xOffset":2,"yOffset":2,"xAdvance":44},"80":{"rect":{"x":100,"y":258,"width":40,"height":48},"xOffset":3,"yOffset":1,"xAdvance":38},"81":{"rect":{"x":50,"y":58,"width":48,"height":56},"xOffset":2,"yOffset":2,"xAdvance":46},"82":{"rect":{"x":100,"y":208,"width":42,"height":48},"xOffset":3,"yOffset":1,"xAdvance":40},"83":{"rect":{"x":100,"y":158,"width":38,"height":48},"xOffset":2,"yOffset":2,"xAdvance":35},"84":{"rect":{"x":180,"y":306,"width":40,"height":46},"xOffset":1,"yOffset":3,"xAdvance":35},"85":{"rect":{"x":100,"y":108,"width":44,"height":48},"xOffset":3,"yOffset":2,"xAdvance":43},"86":{"rect":{"x":376,"y":58,"width":46,"height":48},"xOffset":1,"yOffset":1,"xAdvance":41},"87":{"rect":{"x":70,"y":2,"width":60,"height":46},"xOffset":1,"yOffset":3,"xAdvance":54},"88":{"rect":{"x":328,"y":58,"width":46,"height":48},"xOffset":1,"yOffset":1,"xAdvance":40},"89":{"rect":{"x":282,"y":58,"width":44,"height":48},"xOffset":1,"yOffset":1,"xAdvance":39},"90":{"rect":{"x":180,"y":258,"width":38,"height":46},"xOffset":1,"yOffset":3,"xAdvance":34},"91":{"rect":{"x":2,"y":238,"width":20,"height":56},"xOffset":6,"yOffset":3,"xAdvance":22},"92":{"rect":{"x":244,"y":58,"width":36,"height":48},"xOffset":-1,"yOffset":1,"xAdvance":33},"93":{"rect":{"x":2,"y":180,"width":20,"height":56},"xOffset":2,"yOffset":3,"xAdvance":22},"94":{"rect":{"x":228,"y":416,"width":36,"height":24},"xOffset":1,"yOffset":3,"xAdvance":30},"95":{"rect":{"x":50,"y":416,"width":36,"height":14},"xOffset":0,"yOffset":46,"xAdvance":30},"96":{"rect":{"x":424,"y":158,"width":20,"height":16},"xOffset":5,"yOffset":0,"xAdvance":23},"97":{"rect":{"x":304,"y":256,"width":36,"height":36},"xOffset":2,"yOffset":14,"xAdvance":32},"98":{"rect":{"x":264,"y":2,"width":38,"height":50},"xOffset":2,"yOffset":-1,"xAdvance":33},"99":{"rect":{"x":146,"y":292,"width":32,"height":36},"xOffset":1,"yOffset":14,"xAdvance":27},"100":{"rect":{"x":226,"y":2,"width":36,"height":50},"xOffset":1,"yOffset":-1,"xAdvance":34},"101":{"rect":{"x":266,"y":256,"width":36,"height":36},"xOffset":1,"yOffset":14,"xAdvance":31},"102":{"rect":{"x":216,"y":58,"width":26,"height":48},"xOffset":1,"yOffset":1,"xAdvance":21},"103":{"rect":{"x":176,"y":58,"width":38,"height":48},"xOffset":1,"yOffset":14,"xAdvance":34},"104":{"rect":{"x":138,"y":58,"width":36,"height":48},"xOffset":2,"yOffset":1,"xAdvance":33},"105":{"rect":{"x":2,"y":346,"width":18,"height":48},"xOffset":1,"yOffset":1,"xAdvance":16},"106":{"rect":{"x":2,"y":58,"width":20,"height":62},"xOffset":-1,"yOffset":-1,"xAdvance":16},"107":{"rect":{"x":188,"y":2,"width":36,"height":50},"xOffset":2,"yOffset":0,"xAdvance":33},"108":{"rect":{"x":2,"y":296,"width":18,"height":48},"xOffset":2,"yOffset":1,"xAdvance":16},"109":{"rect":{"x":132,"y":2,"width":54,"height":34},"xOffset":2,"yOffset":15,"xAdvance":51},"110":{"rect":{"x":228,"y":380,"width":36,"height":34},"xOffset":2,"yOffset":15,"xAdvance":34},"111":{"rect":{"x":228,"y":342,"width":36,"height":36},"xOffset":1,"yOffset":14,"xAdvance":32},"112":{"rect":{"x":100,"y":58,"width":36,"height":48},"xOffset":2,"yOffset":13,"xAdvance":33},"113":{"rect":{"x":50,"y":366,"width":38,"height":48},"xOffset":1,"yOffset":13,"xAdvance":34},"114":{"rect":{"x":146,"y":330,"width":28,"height":34},"xOffset":2,"yOffset":15,"xAdvance":24},"115":{"rect":{"x":146,"y":254,"width":32,"height":36},"xOffset":2,"yOffset":14,"xAdvance":27},"116":{"rect":{"x":146,"y":208,"width":28,"height":44},"xOffset":1,"yOffset":6,"xAdvance":23},"117":{"rect":{"x":228,"y":304,"width":36,"height":36},"xOffset":2,"yOffset":14,"xAdvance":34},"118":{"rect":{"x":180,"y":402,"width":38,"height":36},"xOffset":1,"yOffset":13,"xAdvance":34},"119":{"rect":{"x":50,"y":328,"width":48,"height":36},"xOffset":1,"yOffset":13,"xAdvance":43},"120":{"rect":{"x":100,"y":408,"width":38,"height":36},"xOffset":1,"yOffset":14,"xAdvance":33},"121":{"rect":{"x":50,"y":278,"width":36,"height":48},"xOffset":1,"yOffset":14,"xAdvance":32},"122":{"rect":{"x":266,"y":368,"width":34,"height":34},"xOffset":1,"yOffset":15,"xAdvance":28},"123":{"rect":{"x":24,"y":246,"width":22,"height":58},"xOffset":4,"yOffset":2,"xAdvance":22},"124":{"rect":{"x":2,"y":122,"width":12,"height":56},"xOffset":12,"yOffset":3,"xAdvance":30},"125":{"rect":{"x":24,"y":186,"width":22,"height":58},"xOffset":2,"yOffset":2,"xAdvance":22},"126":{"rect":{"x":132,"y":38,"width":36,"height":18},"xOffset":1,"yOffset":2,"xAdvance":30}},"kerningDict":{}}}]