[1,["ecpdLyjvZBwrvm+cedCcQy","173d75890","2c/tvlan1Ne6B+AOnYozuX"],["node","_textureSetter","root","gemNode","coinNode","desLbl","data","_spriteFrame"],[["cc.Node",["_name","_active","_components","_prefab","_contentSize","_parent","_children","_trs"],1,9,4,5,1,2,7],["cc.Sprite",["_sizeMode","node","_materials","_spriteFrame"],2,1,3,6],"cc.SpriteFrame",["cc.Prefab",["_name"],2],["cc.Node",["_name","_parent","_components","_prefab","_contentSize"],2,1,12,4,5],["397e3f5uUFJO5P8TyQdbRDB",["node","desLbl","coinNode","gemNode"],3,1,1,1,1],["cc.Widget",["_alignFlags","_bottom","_originalWidth","node"],0,1],["cc.PrefabInfo",["fileId","root"],2,1],["cc.Layout",["_resize","_N$layoutType","node","_layoutSize"],1,1,5],["cc.LabelOutline",["node","_color"],3,1,5],["cc.Label",["_fontSize","_lineHeight","_enableWrapText","_N$horizontalAlign","_N$verticalAlign","_N$overflow","node","_materials"],-3,1,3]],[[7,0,1,2],[0,0,1,5,2,3,4,7,3],[8,0,1,2,3,3],[1,0,1,2,2],[3,0,2],[0,0,6,2,3,4,7,2],[0,0,5,6,2,3,4,2],[0,0,5,2,3,4,2],[4,0,1,2,3,4,2],[5,0,1,2,3,1],[6,0,1,2,3,4],[1,0,1,2,3,2],[9,0,1,1],[10,0,1,2,3,4,5,6,7,7]],[[[{"name":"black","rect":[3,536,61,61],"offset":[0,0],"originalSize":[61,61],"capInsets":[0,0,0,0]}],[2],0,[0],[1],[1]],[[[4,"promptUI"],[5,"promptUI",[-7,-8],[[9,-5,-4,-3,-2],[10,44,548,900,-6]],[0,"ddjL/NZbRNFaT1lVHoCN1F",-1],[5,750,40],[375,568,0,0,0,0,1,1,1,1]],[6,"New Node",1,[-10,-11,-12],[[2,1,1,-9,[5,650,40]]],[0,"ffTZk3/ZlDiY+A9l7Y200Z",1],[5,650,40]],[7,"Bg",1,[[11,0,-13,[0],1],[2,1,2,-14,[5,900,120]]],[0,"91UuM65kJJo5f8RSVyDV1w",1],[5,900,120]],[1,"coins",false,2,[[3,0,-15,[2]]],[0,"88OE+/smpKR4zDjkEhmJU+",1],[5,31.5,27],[-366.5,0,0,0,0,0,1,1,1,1]],[1,"gems",false,2,[[3,0,-16,[3]]],[0,"aaShbmfq9EboCH+pal/rTW",1],[5,33,24],[-334.25,0,0,0,0,0,1,1,1,1]],[8,"Text",2,[[-17,[12,-18,[4,4278190080]]],1,4],[0,"b7KI3mUmlN3rtJJjzNUwUj",1],[5,650,39.8]],[13,28,30,false,1,1,3,6,[4]]],0,[0,2,1,0,3,5,0,4,4,0,5,7,0,0,1,0,0,1,0,-1,3,0,-2,2,0,0,2,0,-1,4,0,-2,5,0,-3,6,0,0,3,0,0,3,0,0,4,0,0,5,0,-1,7,0,0,6,0,6,1,18],[0,0,0,0,0],[-1,7,-1,-1,-1],[0,2,0,0,0]]]]