[1,["ecpdLyjvZBwrvm+cedCcQy","27IYtxgShGWI2sTzTSXsrz","3673QNb5VHTp5KDVh8vaWk","173d75890","5fPBS8Kd1LCpcQ61ChTk85","e97GVMl6JHh5Ml5qEDdSGa","f0BIwQ8D5Ml7nTNQbh1YlS","29FYIk+N1GYaeWH/q1NxQO","07sa9lQzpHSJKaCZleDO3B","9elZmWDh9KNIHgrqobLntL","ffnLFKnvtCn4nV/T6uOK3+","71VhFCTINJM6/Ky3oX9nBT","4evTlkPApKYpwLDT1rh1JO","7akdFYBtNLJLEIqqdB/Uxa","83Y/rTMVRNUKq43xEIkSYh","f8+C+xvJRON5qWzFe8nV3y","b4P/PCArtIdIH38t6mlw8Y","e8Ueib+qJEhL6mXAHdnwbi"],["node","_spriteFrame","_textureSetter","_defaultClip","_N$target","_N$normalSprite","_N$pressedSprite","_N$hoverSprite","_N$disabledSprite","_N$file","root","progressBar","closeNode","addLab","anim","adsBtn","data"],["cc.SpriteFrame",["cc.Node",["_name","_active","_opacity","_components","_prefab","_contentSize","_parent","_trs","_children","_color","_eulerAngles"],0,9,4,5,1,7,2,5,5],["cc.Sprite",["_sizeMode","_type","_isTrimmedMode","_fillType","_fillStart","_fillRange","node","_materials","_spriteFrame","_fillCenter"],-3,1,3,6,5],["cc.Node",["_name","_parent","_components","_prefab","_contentSize","_trs","_color","_children","_eulerAngles"],2,1,2,4,5,7,5,2,5],["cc.Animation",["playOnLoad","node","_clips","_defaultClip"],2,1,3,6],["cc.AnimationClip",["_name","_duration","wrapMode","curveData"],0,11],["cc.Widget",["_alignFlags","_originalWidth","_originalHeight","node"],0,1],["cc.Button",["zoomScale","_N$transition","node","clickEvents","_N$normalColor","_N$pressedColor","_N$disabledColor","_N$target","_N$normalSprite","_N$pressedSprite","_N$hoverSprite","_N$disabledSprite"],1,1,9,5,5,5,1,6,6,6,6],["cc.Label",["_isSystemFontUsed","_N$horizontalAlign","_N$verticalAlign","_string","_fontSize","_lineHeight","node","_materials","_N$file"],-3,1,3,6],["cc.AnimationClip",["_name","_duration","wrapMode","curveData"],-1],["cc.Prefab",["_name"],2],["cc.Node",["_name","_parent","_children","_components","_prefab","_contentSize"],2,1,2,12,4,5],["c5bfdCJ491InKLMzrH23FQg",["node","adsBtn","anim","addLab","closeNode","progressBar"],3,1,1,1,1,1,1],["cc.PrefabInfo",["fileId","root"],2,1],["cc.ClickEvent",["_componentId","handler","customEventData","target"],0,1],["cc.ProgressBar",["_N$mode","node","_N$barSprite"],2,1,1],["cc.RichText",["_N$string","_N$horizontalAlign","node"],1,1]],[[13,0,1,2],[1,0,2,6,3,4,9,5,3],[2,0,6,7,8,2],[1,0,6,3,4,5,7,2],[7,0,1,2,3,4,5,6,7,8,9,10,11,3],[14,0,1,2,3,4],[4,0,1,2,3,2],[5,0,1,2,3,4],[5,0,1,3,3],[9,0,1,2,3,5],[10,0,2],[1,0,8,3,4,5,7,2],[1,0,1,6,3,4,5,7,3],[1,0,1,6,8,3,4,5,7,3],[1,0,6,3,4,5,2],[1,0,6,3,4,9,5,10,2],[3,0,1,7,2,3,4,5,2],[3,0,1,2,3,6,4,5,8,2],[3,0,1,2,3,6,4,2],[11,0,1,2,3,4,5,2],[6,0,3,2],[6,0,1,2,3,4],[7,2,1],[12,0,1,2,3,4,5,1],[8,3,4,5,0,1,2,6,7,8,7],[8,0,1,2,6,7,4],[4,1,2,3,1],[4,1,2,1],[2,1,0,6,7,8,3],[2,6,7,8,1],[2,0,2,6,7,8,3],[2,1,0,3,4,5,6,7,9,6],[15,0,1,2,2],[16,0,1,2,3]],[[[[7,"addAnim",0.9166666666666666,2,[{},"paths",11,[{},"node1",11,[{},"props",11,[{"opacity":[{"frame":0.08333333333333333,"value":0},{"frame":0.25,"value":255},{"frame":0.4166666666666667,"value":255},{"frame":0.5833333333333334,"value":0}]},"scale",12,[[[{"frame":0.08333333333333333},"value",8,[0,1,1]],[{"frame":0.5833333333333334},"value",8,[0,1.2,1.2]]],11,11]]],"node2",11,[{},"props",11,[{"opacity":[{"frame":0.25,"value":0},{"frame":0.4166666666666667,"value":255},{"frame":0.5833333333333334,"value":255},{"frame":0.75,"value":0}]},"scale",12,[[[{"frame":0.25},"value",8,[0,1,1]],[{"frame":0.75},"value",8,[0,1.2,1.2]]],11,11]]],"node3",11,[{},"props",11,[{"opacity":[{"frame":0.4166666666666667,"value":0},{"frame":0.5833333333333334,"value":255},{"frame":0.75,"value":255},{"frame":0.9166666666666666,"value":0}]},"scale",12,[[[{"frame":0.4166666666666667},"value",8,[0,1,1]],[{"frame":0.9166666666666666},"value",8,[0,1.2,1.2]]],11,11]]]]]]],0,0,[],[],[]],[[{"name":"play-bt-reuse","rect":[70,594,36,36],"offset":[0,0],"originalSize":[36,36],"capInsets":[0,0,0,0]}],[0],0,[0],[2],[3]],[[{"name":"default_btn_disabled","rect":[0,0,40,40],"offset":[0,0],"originalSize":[40,40],"capInsets":[12,12,12,12]}],[0],0,[0],[2],[11]],[[[9,"shake",3,2,{"props":{"angle":[{"frame":0,"value":0},{"frame":0.08333333333333333,"value":2},{"frame":0.16666666666666666,"value":-2},{"frame":0.25,"value":2},{"frame":0.4166666666666667,"value":-2},{"frame":0.5,"value":0},{"frame":3,"value":0}]}}]],0,0,[],[],[]],[[{"name":"button-blue","rect":[117,3,404,104],"offset":[2,-0.5],"originalSize":[412,115],"rotated":1,"capInsets":[35,35,35,35]}],[0],0,[0],[2],[3]],[[{"name":"continue","rect":[0,0,510,315],"offset":[0,0],"originalSize":[510,315],"capInsets":[0,0,0,0]}],[0],0,[0],[2],[12]],[[[10,"continue"],[11,"continue",[-10,-11,-12,-13,-14],[[20,45,-2],[22,-3],[23,-9,-8,-7,-6,-5,-4]],[0,"a50qW4cHxNma7z2qGxvDe8",-1],[5,750,1136],[375,568,0,0,0,0,1,1,1,1]],[16,"addAnim",1,[-16,-17,-18,-19],[-15],[0,"77IyYAyydNu69oFqJJgWba",1],[5,100,100],[0,-85,0,0,0,0,1,1,1,1]],[19,"progressBar",2,[-23,-24,-25],[[[4,1.1,3,-21,[[5,"c5bfdCJ491InKLMzrH23FQg","onClickBtn","0",1]],[4,4293322470],[4,4291348680],[4,3363338360],-20,20,21,22,23],-22],4,1],[0,"edPWOgixBIGJ2Qf8DZikAt",1],[5,100,100]],[12,"closeBtn",false,1,[[24,"NO THANKS",35,50,false,1,1,-26,[25],26],[4,1.1,3,-28,[[5,"c5bfdCJ491InKLMzrH23FQg","onClickBtn","1",1]],[4,4293322470],[4,4291348680],[4,3363338360],-27,27,28,29,30],[26,-29,[32],31]],[0,"fahFhNn+lFdI/ydml45YRe",1],[5,200.08,29.17],[0,-180,0,0,0,0,1,1,1,1]],[13,"addNode",false,3,[-31,-32],[[6,true,-30,[16],15]],[0,"fdEQfodoBIlrB6fzx5hSyL",1],[5,113,132],[55,90,0,0,0,0,1,1,1,1]],[1,"bg",150,1,[[28,1,0,-33,[0],1],[21,45,2,2,-34]],[0,"692YEJZ95IBqoKTkq7y8WM",1],[4,4278190080],[5,750,1136]],[3,"continue",1,[[29,-35,[2],3],[6,true,-36,[5],4]],[0,"29f/HFxjJMspth1T2tuHhF",1],[5,510,315],[0,255,0,0,0,0,1,1,1,1]],[14,"adsBtn",3,[[30,0,false,-37,[18],19]],[0,"b53GjcJhRNjL13ZF0vJhmw",1],[5,80,80]],[1,"node1",0,2,[[2,0,-38,[6],7]],[0,"7bDpcNcZxHnomx0YhkOsqf",1],[4,4278255595],[5,100,100]],[1,"node2",0,2,[[2,0,-39,[8],9]],[0,"1bD7pWnpZK9L3OiJFzhTh4",1],[4,4278255595],[5,100,100]],[1,"node3",0,2,[[2,0,-40,[10],11]],[0,"02qxESi6tEVZVori4SB9Vz",1],[4,4278255595],[5,100,100]],[15,"icon",5,[[2,2,-41,[12],13]],[0,"1aHXVPy3BJ9IQ8D9R9e6iL",1],[4,4290764722],[5,113,132],[1,0,0,-23]],[17,"addLab",5,[-42],[0,"1cAs59/+9ObIYWzHhD7jjb",1],[4,4282908416],[5,0,26.67],[7.64957,10.53017,0,0,0,0,1,1,1,1],[1,0,0,-23]],[25,false,1,1,13,[14]],[18,"bar",3,[-43],[0,"c1NSKmNitIJaDHckJufW6t",1],[4,4278247925],[5,100,100]],[31,3,0,2,-0.75,1,15,[17],[0,0.5,0.5]],[32,2,3,16],[27,2,[24]],[3,"timeLab",1,[[33,"",1,-44]],[0,"6fkFVR6NlOmrpN8L73g8P4",1],[5,0,50.4],[303.647,-99.798,0,0,0,0,1,1,1,1]]],0,[0,10,1,0,0,1,0,0,1,0,11,17,0,12,4,0,13,14,0,14,18,0,15,2,0,0,1,0,-1,6,0,-2,7,0,-3,2,0,-4,4,0,-5,19,0,-1,18,0,-1,9,0,-2,10,0,-3,11,0,-4,3,0,4,8,0,0,3,0,-2,17,0,-1,5,0,-2,15,0,-3,8,0,0,4,0,4,4,0,0,4,0,0,4,0,0,5,0,-1,12,0,-2,13,0,0,6,0,0,6,0,0,7,0,0,7,0,0,8,0,0,9,0,0,10,0,0,11,0,0,12,0,-1,14,0,-1,16,0,0,19,0,16,1,44],[0,0,0,0,0,0,0,0,0,0,0,0,0,0,0,0,0,0,0,0,0,0,0,0,0,0,0,0,0,0,0,0,0,14,16,18],[-1,1,-1,1,3,-1,-1,1,-1,1,-1,1,-1,1,-1,3,-1,-1,-1,1,5,6,7,8,-1,-1,9,5,6,7,8,3,-1,9,1,3],[0,13,0,14,2,2,0,1,0,1,0,1,0,15,0,2,2,0,0,1,4,5,6,7,8,0,9,4,5,6,7,10,10,9,1,8]],[[{"name":"default_btn_pressed","rect":[0,0,40,40],"offset":[0,0],"originalSize":[40,40],"capInsets":[12,12,12,12]}],[0],0,[0],[2],[16]],[[{"name":"default_btn_normal","rect":[0,0,40,40],"offset":[0,0],"originalSize":[40,40],"capInsets":[12,12,12,12]}],[0],0,[0],[2],[17]],[[{"name":"TooltipMain","rect":[3,417,113,132],"offset":[0,0],"originalSize":[113,132],"rotated":1,"capInsets":[0,0,0,0]}],[0],0,[0],[2],[3]],[[[8,"countDown",0.08333333333333333,[{},"props",11,[{},"scale",12,[[[{"frame":0},"value",8,[0,1.3,1.3]],[{"frame":0.08333333333333333},"value",8,[0,1,1]]],11,11]]]]],0,0,[],[],[]]]]