{"paths":{"0":["localized-image/jp/gameover",1],"1":["icon/hero_5",1],"2":["localized-image/en/go",1],"3":["icon/hero_0",1],"4":["icon",1],"5":["icon/hero_11",1],"6":["localized-image/jp/logo",1],"7":["icon/hero_21",1],"8":["icon/hero_14",1],"9":["icon/hero_24",1],"10":["localized-image/jp/go",1],"11":["localized-image/en/logo",1],"12":["icon/hero_2",1],"13":["singleColor",1],"14":["icon/hero_9",1],"15":["audio/click",0],"16":["localized-image/en/continue",1],"17":["localized-image/jp/continue",1],"18":["audio/success",0],"19":["audio/bgMusic",0],"20":["icon/hero_4",1],"21":["audio/pairCleared",0],"22":["icon/hero_1",1],"23":["icon/hero_10",1],"24":["icon/hero_7",1],"25":["icon/hero_3",1],"26":["audio/cd_go",0],"27":["icon/hero_19",1],"28":["icon/hero_16",1],"29":["icon/hero_20",1],"30":["icon/hero_12",1],"31":["icon/hero_15",1],"32":["audio/success2",0],"33":["audio/cd_nor",0],"34":["icon/hero_18",1],"35":["icon/hero_6",1],"36":["icon/hero_17",1],"37":["audio/stageCleared",0],"38":["localized-image/en/gameover",1],"39":["icon/hero_23",1],"40":["icon/hero_8",1],"41":["icon/hero_13",1],"42":["audio/success1",0],"43":["audio/card_flip",0],"44":["icon/hero_22",1],"45":["icon/hero_10",2,1],"46":["localized-image/jp/go",2,1],"47":["icon/hero_24",2,1],"48":["localized-image/jp/gameover",2,1],"50":["icon/hero_18",2,1],"51":["icon/hero_13",2,1],"52":["icon/hero_6",2,1],"53":["icon/hero_11",2,1],"54":["icon/hero_22",2,1],"55":["prefabs/promptUI",3],"56":["localized-image/jp/continue",2,1],"57":["icon",2,1],"58":["icon/hero_16",2,1],"59":["icon/hero_12",2,1],"60":["icon/hero_14",2,1],"61":["prefabs/loading",3],"62":["localized-image/en/go",2,1],"63":["icon/hero_1",2,1],"64":["icon/hero_8",2,1],"66":["icon/hero_23",2,1],"67":["prefabs/result",3],"68":["singleColor",2,1],"69":["localized-image/jp/logo",2,1],"70":["icon/hero_21",2,1],"71":["icon/hero_4",2,1],"72":["localized-image/en/continue",2,1],"73":["prefabs/continue",3],"74":["icon/hero_3",2,1],"75":["localized-image/en/gameover",2,1],"76":["icon/hero_0",2,1],"78":["icon/hero_2",2,1],"79":["icon/hero_5",2,1],"81":["icon/hero_17",2,1],"82":["icon/hero_7",2,1],"83":["icon/hero_15",2,1],"85":["icon/hero_20",2,1],"86":["icon/hero_19",2,1],"87":["localized-image/en/logo",2,1],"88":["icon/hero_9",2,1]},"types":["cc.AudioClip","cc.Texture2D","cc.SpriteFrame","cc.Prefab"],"uuids":["062yTnP1ZFp4YBN84nLyIP","13XuDgWUxCtbnN9fJbmv4J","17rJGYdj9IFrrQGt7DakEr","176ly4ezZOfboHfe5fy/6B","1dTknojDtAVoeDmxY5XmYs","26hff0FPtMpICa84HyXA3L","2a36PdmrlCpoX8QpdI5Emo","34z6+cCoRESJawd8n6B2cf","35bzbJaVxB8Zxvg0LuZgCD","38+rJ4lFVKnqreKKjry9Qw","3dm46Ml59OvbinFXGomMFH","3eFmDsmrFAhIYPSAwlDxXA","3eQZJoToZAy7e4ckW/0B1H","40AzQKgEpN+JTFJTVSp35y","46bWzVb0VMvopYzPjSse6V","46qcDSFW5JFY1fQGZA6//h","4evTlkPApKYpwLDT1rh1JO","539STMznlOKb3kbUdKaK3x","55DaIst29N4Ze9MnCAVuSc","55r3oEaiVEVI+S1fIDSr0O","57CnmcZONCLoiRLtqdVLb3","58p96H0TJAt6ar9+KjPp0c","58xw+ESC9HbarFvtAYLUjx","5aeZzVSplJQLW3ngeNRSdO","675PPn6bFP1Z8uispBdoek","7atMlay4NHbLEN5hXCi8kc","88opepoOdNvq607EY5tpw4","8bcBpLuqJMEaVpwLkdPjiF","937PmA+gdDPLwrD04VNfs3","9dAhnumrtCBI4i7NR6WH+W","9fVAfAv1NEhIcUS8wrN3Ea","a24UDTbiFPzKoAsWeWDbGc","a6kH4CCdhP+bQf+rQ5C8p4","b7m+hyqVlFG7S1Q/RyUMMM","be9rQHT/lAl4ad2+f4MCz6","c1e87P0bRA96JSwHolIqbY","c5Ec94IlZP7p0CMzO01Gyg","c5eLvOnZFG162QlX2pWCTV","c9aunujphCFaQZkGqOXmwL","caMXWSqmlC0p/pIizNb1jl","d58hgQQO1A17wkLeFDwcz2","db23zMeNNA9bEbXXYjWvY1","eaZK2q2L9Hz7OCeAUgNURO","f0Q4bMdVtKl5KOt0wMDJQr","fcVhuPVrtHUptOUhO6eWpH","02H0gPJ5ZBxZzSrO0/EEXa","0aSUGXo41O8Yi8TudJZ278","12xLOYDE9BoZHDVUjKN4zh","147A+kisRKibh8DkXu5NKH","173d75890","1dXvVcDkZO2q82eO9UsSb0","1dtohx5EBOfYt8UJOiQXcq","20HN1sFDxLmJY5R+65MPgd","21cvCEZIFI3qHsCD5llyMd","2bd72KkuVB8KRaQFNIMsXB","2dwjXCfu5MyKwRiq2ErqUg","2fuHjIaihNs4D7fcOTc8vj","36VMyNzfZKRJL5KKdNs3Tn","38F1WJuhNKMZjyeyUumFw9","4deB0lVTdCXo7c0jWy0d2Y","4eLfgU8nxDgJ3hCPa9sDJG","4fynpXzjZEd6tvk3hiWOYv","52QDnJQEpJL5cJmCV6rI4c","590om+lQNFd4wGI586j9Eq","68ozAGXVtIVpRckAewK4aE","71VhFCTINJM6/Ky3oX9nBT","73kgxvxtNAdY8j2ZdJr4q5","78DByqWb5IvbHknpv8UayJ","7akdFYBtNLJLEIqqdB/Uxa","7eXaA6q7dN1aDi65WRhALR","7fAimcqoNEProN/GaEJS0s","82MuJ4m09CZ6M+X0uEqqeh","83Y/rTMVRNUKq43xEIkSYh","93Kh713YhDjpJowvZq0YTc","a7kMfZJztBqbHuqCBHdRwS","afwkQqFttCr5hDOLFQiEhV","b2A7kit5FEjLhq+5U+pG0N","b4P/PCArtIdIH38t6mlw8Y","b4eTgyMgdGMYNfzwulaFTa","c2S/do2+9O44oCeW2pmHuq","c6VcXjsmpC06yb6jvPtHAV","c8eIw0dNpPzaoTCGsBn5ub","cbS4mHNolORpMgGkEZ1DST","cfuzJmSZBFI7c4/VOlYSq7","e8Ueib+qJEhL6mXAHdnwbi","fbBkvV6IdDkIzMPleOKjQB","fbajAZbiVA4J88hNkz1Olw","fcaxa0D+VMe4NyC8wGNGye","ffNKXagoBIl4SFCLstnIHP","02delMVqdBD70a/HSD99FK","07sa9lQzpHSJKaCZleDO3B","27IYtxgShGWI2sTzTSXsrz","29FYIk+N1GYaeWH/q1NxQO","2c/tvlan1Ne6B+AOnYozuX","35+Hk9DypMAJpPzKIfZXft","36wxRNHn1GHYSlzBfw2nIC","3673QNb5VHTp5KDVh8vaWk","57W5BYD+VMmLzCxItssOmy","5aODqgnn5PX5deMuX2+aq8","5fPBS8Kd1LCpcQ61ChTk85","82qJk33dhNNpUTaS8uidEO","8dfYa+sYhBzqnXKo2zcff/","9elZmWDh9KNIHgrqobLntL","a2MjXRFdtLlYQ5ouAFv/+R","d1ayw+YERES6gjIudh1OwJ","e97GVMl6JHh5Ml5qEDdSGa","ecpdLyjvZBwrvm+cedCcQy","f0BIwQ8D5Ml7nTNQbh1YlS","f8+C+xvJRON5qWzFe8nV3y","ffnLFKnvtCn4nV/T6uOK3+"],"scenes":{},"redirect":[89,0,106,0],"deps":["internal"],"packs":{"036494173":[93,55],"03a551bd2":[90,91,92,96,99,72,73,105,107,108,109],"0509d227a":[68,100,102],"079face45":[61,98,103],"0a44235a3":[48,94,95,97,67,101,75,104],"0ffcba463":[0,1,49,2,3,4,5,6,7,8,9,10,11,12,13,14,16,17,20,22,23,24,65,25,27,28,29,30,31,77,34,35,36,80,38,39,40,41,84,44]},"name":"resources","importBase":"import","nativeBase":"native","debug":false,"isZip":false,"encrypted":false,"versions":{"import":[45,"fa3b0","036494173","c63be","03a551bd2","d09c9","0509d227a","b9760","079face45","f07a0","0a44235a3","ce9a3",46,"e11b9","0ffcba463","fdcc7",47,"33e51",50,"12b80",51,"e1435",52,"73426",53,"c4345",54,"32874",56,"496a8",57,"8947b",58,"740dc",15,"e2b79",59,"31e64",60,"7297e",62,"59381",18,"dbc84",19,"a6ef5",21,"a67c5",63,"d492e",64,"9f007",66,"ca2e1",69,"88647",70,"df721",71,"2a2c9",26,"2116d",32,"7cc5e",74,"e4fcf",76,"60dc7",78,"fad9d",33,"94185",79,"4e0fe",37,"6bff3",81,"64a8d",82,"4ac61",83,"3fd15",42,"1149b",43,"54811",85,"d120a",86,"036d6",87,"1025e",88,"3ffd9"],"native":[0,"a55e2",1,"3f9c4",49,"4e29f",2,"fded5",3,"a572e",4,"9454d",5,"39b8b",6,"9d527",7,"0180c",8,"d0978",9,"2a113",10,"050a6",11,"06b41",12,"c80ff",13,"e5136",14,"03735",15,"4fbef",16,"9ce68",17,"8dc0c",18,"fba5a",19,"69216",20,"5a0b4",21,"c0502",22,"127e8",23,"6f8fa",24,"55bc7",65,"c06a9",25,"49996",26,"14e48",27,"a99fd",28,"5c12e",29,"7169f",30,"305fd",31,"5e690",32,"2515a",77,"83fcc",33,"2a1e5",34,"d758f",35,"3bdbe",36,"ebfd7",37,"dba4a",80,"63b82",38,"5fc51",39,"8f43c",40,"92448",41,"6e7a5",84,"90cf4",42,"64787",43,"233b6",44,"67ecd"]}}