[{"__type__":"cc.SpriteFrame","content":{"name":"nurseryOk","texture":"1c61bbff0","rect":[902,389,40,38],"offset":[0,0],"originalSize":[40,38],"rotated":1,"capInsets":[0,0,0,0]}},{"__type__":"cc.SpriteFrame","content":{"name":"title-bg-purple","texture":"1f944af48","rect":[529,520,488,86],"offset":[0,0],"originalSize":[488,86],"capInsets":[0,0,0,0]}},{"__type__":"cc.SpriteFrame","content":{"name":"default_scrollbar_vertical","texture":"d608qFRoFHwbXd0Dap056i","rect":[0,0,15,30],"offset":[0,0],"originalSize":[15,30],"capInsets":[4,10,4,10]}},{"__type__":"cc.SpriteFrame","content":{"name":"default_scrollbar_vertical_bg","texture":"61cyPdEfRN047sDK9rO0W5","rect":[0,0,15,30],"offset":[0,0],"originalSize":[15,30],"capInsets":[4,10,4,10]}},{"__type__":"cc.SpriteFrame","content":{"name":"play2","texture":"1c61bbff0","rect":[3,753,561,265],"offset":[0,0],"originalSize":[561,265],"capInsets":[0,0,0,0]}},{"__type__":"cc.SpriteFrame","content":{"name":"rank-bg1","texture":"1f944af48","rect":[3,3,520,614],"offset":[0,0],"originalSize":[520,614],"capInsets":[0,0,0,0]}},{"__type__":"cc.SpriteFrame","content":{"name":"singleColor","texture":"40AzQKgEpN+JTFJTVSp35y","rect":[0,0,2,2],"offset":[0,0],"originalSize":[2,2],"capInsets":[0,0,0,0]}},[{"__type__":"cc.Prefab","_name":"notice","data":{"__id__":1}},{"__type__":"cc.Node","_name":"notice","_children":[{"__id__":2},{"__id__":3}],"_level":1,"_components":[{"__type__":"cc.Widget","node":{"__id__":1},"_alignFlags":45},{"__type__":"cc.Button","node":{"__id__":1}},{"__type__":"bdfc18jf11EdKfUrB5p/u3k","node":{"__id__":1},"titleLab":{"__id__":15},"nameLab":{"__id__":17},"contentLab":{"__id__":19},"toggle":{"__id__":25}}],"_prefab":{"__type__":"cc.PrefabInfo","root":{"__id__":1},"asset":{"__uuid__":"7bSeFnGypAzbAqHPBLm1mu"},"fileId":"59TV5kXy5KK7B5yUD0dPUS"},"_contentSize":{"__type__":"cc.Size","width":750,"height":1136},"_position":{"__type__":"cc.Vec3","x":375,"y":568}},{"__type__":"cc.Node","_name":"bg","_parent":{"__id__":1},"_level":3,"_components":[{"__type__":"cc.Sprite","node":{"__id__":2},"_materials":[{"__uuid__":"ecpdLyjvZBwrvm+cedCcQy"}],"_spriteFrame":{"__uuid__":"7akdFYBtNLJLEIqqdB/Uxa"},"_type":1,"_sizeMode":0},{"__type__":"cc.Widget","node":{"__id__":2},"_alignFlags":45,"_originalWidth":40,"_originalHeight":36}],"_prefab":{"__type__":"cc.PrefabInfo","root":{"__id__":1},"asset":{"__uuid__":"7bSeFnGypAzbAqHPBLm1mu"},"fileId":"7dP0PRA3pElY2lYCCnpd5s"},"_opacity":100,"_color":{"__type__":"cc.Color"},"_contentSize":{"__type__":"cc.Size","width":750,"height":1136}},{"__type__":"cc.Node","_name":"rank-bg","_parent":{"__id__":1},"_children":[{"__id__":4},{"__id__":29}],"_level":2,"_components":[{"__type__":"cc.Sprite","node":{"__id__":3},"_materials":[{"__uuid__":"ecpdLyjvZBwrvm+cedCcQy"}],"_spriteFrame":{"__uuid__":"b5HjhX2CpF9pqbd0q38Ozc"},"_sizeMode":0}],"_prefab":{"__type__":"cc.PrefabInfo","root":{"__id__":1},"asset":{"__uuid__":"7bSeFnGypAzbAqHPBLm1mu"},"fileId":"57x4VllSlMxIFqhfnw8Juf"},"_contentSize":{"__type__":"cc.Size","width":547,"height":600}},{"__type__":"cc.Node","_name":"content","_parent":{"__id__":3},"_children":[{"__id__":5},{"__id__":20},{"__id__":27}],"_level":3,"_components":[{"__type__":"cc.Sprite","node":{"__id__":4},"_materials":[{"__uuid__":"ecpdLyjvZBwrvm+cedCcQy"}],"_spriteFrame":{"__uuid__":"786RnsI1FKpbwA/hoQW6GO"},"_type":1,"_sizeMode":0},{"__type__":"cc.Widget","node":{"__id__":4},"_alignFlags":45,"_left":15,"_right":15,"_top":15,"_bottom":15,"_originalWidth":520,"_originalHeight":600}],"_prefab":{"__type__":"cc.PrefabInfo","root":{"__id__":1},"asset":{"__uuid__":"7bSeFnGypAzbAqHPBLm1mu"},"fileId":"c6gE2Qj1lEYb6yFATrVyoF"},"_contentSize":{"__type__":"cc.Size","width":517,"height":570}},{"__type__":"cc.Node","_name":"scrollView","_parent":{"__id__":4},"_children":[{"__id__":6},{"__id__":7},{"__id__":13}],"_level":4,"_components":[{"__id__":11},{"__type__":"cc.Widget","node":{"__id__":5},"_alignFlags":41,"_left":33.5,"_right":33.5,"_top":40,"_originalWidth":450}],"_prefab":{"__type__":"cc.PrefabInfo","root":{"__id__":1},"asset":{"__uuid__":"7bSeFnGypAzbAqHPBLm1mu"},"fileId":"deqA61HmhCs4Ur09T0tExt"},"_contentSize":{"__type__":"cc.Size","width":450,"height":380},"_anchorPoint":{"__type__":"cc.Vec2","x":0.5,"y":1},"_position":{"__type__":"cc.Vec3","y":245}},{"__type__":"cc.Node","_name":"bg","_parent":{"__id__":5},"_level":5,"_components":[{"__type__":"cc.Sprite","node":{"__id__":6},"_materials":[{"__uuid__":"ecpdLyjvZBwrvm+cedCcQy"}],"_spriteFrame":{"__uuid__":"ebXJLZsxdB+KPZlciaFJ3y"},"_type":1,"_sizeMode":0},{"__type__":"cc.Widget","node":{"__id__":6},"_alignFlags":41,"_originalWidth":450}],"_prefab":{"__type__":"cc.PrefabInfo","root":{"__id__":1},"asset":{"__uuid__":"7bSeFnGypAzbAqHPBLm1mu"},"fileId":"9e0XyFqLJO/4lf5oSas6XT"},"_opacity":100,"_contentSize":{"__type__":"cc.Size","width":450,"height":385},"_anchorPoint":{"__type__":"cc.Vec2","x":0.5,"y":1}},{"__type__":"cc.Node","_name":"scrollBar","_parent":{"__id__":5},"_children":[{"__id__":8}],"_active":false,"_components":[{"__id__":10},{"__type__":"cc.Widget","node":{"__id__":7},"alignMode":0,"_alignFlags":37,"_left":350.07654921020657,"_originalHeight":237},{"__type__":"cc.Sprite","node":{"__id__":7},"_materials":[{"__uuid__":"ecpdLyjvZBwrvm+cedCcQy"}],"_spriteFrame":{"__uuid__":"5f5dyqtRNNxaFmVzYns6FZ"},"_type":1,"_sizeMode":0}],"_prefab":{"__type__":"cc.PrefabInfo","root":{"__id__":1},"asset":{"__uuid__":"7bSeFnGypAzbAqHPBLm1mu"},"fileId":"d2CcOM929Le7+QpN/yK5RV"},"_contentSize":{"__type__":"cc.Size","width":12,"height":380},"_anchorPoint":{"__type__":"cc.Vec2","x":1,"y":0.5},"_position":{"__type__":"cc.Vec3","x":225,"y":-190}},{"__type__":"cc.Node","_name":"bar","_parent":{"__id__":7},"_components":[{"__id__":9}],"_prefab":{"__type__":"cc.PrefabInfo","root":{"__id__":1},"asset":{"__uuid__":"7bSeFnGypAzbAqHPBLm1mu"},"fileId":"b6nuVLfAZBUIF/UyNS1lPJ"},"_contentSize":{"__type__":"cc.Size","width":10,"height":30},"_anchorPoint":{"__type__":"cc.Vec2","x":1},"_position":{"__type__":"cc.Vec3","x":-1}},{"__type__":"cc.Sprite","node":{"__id__":8},"_materials":[{"__uuid__":"ecpdLyjvZBwrvm+cedCcQy"}],"_spriteFrame":{"__uuid__":"5cO7kybDxGj4ipyMYdRYZB"},"_type":1,"_sizeMode":0},{"__type__":"cc.Scrollbar","node":{"__id__":7},"_scrollView":{"__id__":11},"_N$handle":{"__id__":9},"_N$direction":1},{"__type__":"cc.ScrollView","node":{"__id__":5},"horizontal":false,"brake":0.75,"bounceDuration":0.23,"_N$content":{"__id__":12},"content":{"__id__":12},"_N$horizontalScrollBar":null,"_N$verticalScrollBar":{"__id__":10}},{"__type__":"cc.Node","_name":"content","_parent":{"__id__":13},"_children":[{"__id__":14},{"__id__":16},{"__id__":18}],"_components":[{"__type__":"cc.Layout","node":{"__id__":12},"_layoutSize":{"__type__":"cc.Size","width":450,"height":143.32999999999998},"_resize":1,"_N$layoutType":2,"_N$spacingY":20}],"_prefab":{"__type__":"cc.PrefabInfo","root":{"__id__":1},"asset":{"__uuid__":"7bSeFnGypAzbAqHPBLm1mu"},"fileId":"cdfvp4KGRIR7rjsLRcvK03"},"_contentSize":{"__type__":"cc.Size","width":450,"height":143.32999999999998},"_anchorPoint":{"__type__":"cc.Vec2","x":0.5,"y":1}},{"__type__":"cc.Node","_name":"view","_parent":{"__id__":5},"_children":[{"__id__":12}],"_components":[{"__type__":"cc.Mask","node":{"__id__":13},"_materials":[{"__uuid__":"ecpdLyjvZBwrvm+cedCcQy"}]},{"__type__":"cc.Widget","node":{"__id__":13},"_alignFlags":41,"_originalWidth":240}],"_prefab":{"__type__":"cc.PrefabInfo","root":{"__id__":1},"asset":{"__uuid__":"7bSeFnGypAzbAqHPBLm1mu"},"fileId":"a8WMYNmCJOxpVBr386I06s"},"_contentSize":{"__type__":"cc.Size","width":450,"height":380},"_anchorPoint":{"__type__":"cc.Vec2","x":0.5,"y":1}},{"__type__":"cc.Node","_name":"titleLab","_parent":{"__id__":12},"_level":1,"_components":[{"__id__":15}],"_prefab":{"__type__":"cc.PrefabInfo","root":{"__id__":1},"asset":{"__uuid__":"7bSeFnGypAzbAqHPBLm1mu"},"fileId":"44w/GtbMBJo4/wEA+OmC44"},"_color":{"__type__":"cc.Color"},"_contentSize":{"__type__":"cc.Size","width":380,"height":60},"_position":{"__type__":"cc.Vec3","y":-30}},{"__type__":"cc.Label","node":{"__id__":14},"_materials":[{"__uuid__":"ecpdLyjvZBwrvm+cedCcQy"}],"_useOriginalSize":false,"_string":"Title","_N$string":"Title","_fontSize":35,"_N$file":{"__uuid__":"97D75Hl3VCWIaPCxJPD57i"},"_isSystemFontUsed":false,"_N$horizontalAlign":1,"_N$verticalAlign":1,"_N$overflow":2},{"__type__":"cc.Node","_name":"nameLab","_parent":{"__id__":12},"_level":1,"_components":[{"__id__":17},{"__type__":"cc.Widget","node":{"__id__":16},"_alignFlags":8}],"_prefab":{"__type__":"cc.PrefabInfo","root":{"__id__":1},"asset":{"__uuid__":"7bSeFnGypAzbAqHPBLm1mu"},"fileId":"73zAWr6GxOCo+kfUz3HD4W"},"_color":{"__type__":"cc.Color","r":9,"g":136,"b":75},"_contentSize":{"__type__":"cc.Size","width":194.25,"height":23.33},"_anchorPoint":{"__type__":"cc.Vec2","y":0.5},"_position":{"__type__":"cc.Vec3","x":-225,"y":-91.66499999999999}},{"__type__":"cc.Label","node":{"__id__":16},"_materials":[{"__uuid__":"ecpdLyjvZBwrvm+cedCcQy"}],"_useOriginalSize":false,"_string":"Dear Player:","_N$string":"Dear Player:","_fontSize":35,"_N$file":{"__uuid__":"97D75Hl3VCWIaPCxJPD57i"},"_isSystemFontUsed":false,"_N$verticalAlign":1},{"__type__":"cc.Node","_name":"contentLab","_parent":{"__id__":12},"_level":1,"_components":[{"__id__":19}],"_prefab":{"__type__":"cc.PrefabInfo","root":{"__id__":1},"asset":{"__uuid__":"7bSeFnGypAzbAqHPBLm1mu"},"fileId":"a8f0gCYHhP55Lup8kGM9R7"},"_contentSize":{"__type__":"cc.Size","width":400,"height":20},"_position":{"__type__":"cc.Vec3","y":-133.32999999999998}},{"__type__":"cc.Label","node":{"__id__":18},"_materials":[{"__uuid__":"ecpdLyjvZBwrvm+cedCcQy"}],"_useOriginalSize":false,"_string":"Welcome to MonsterMatch,have a nice game!","_N$string":"Welcome to MonsterMatch,have a nice game!","_fontSize":20,"_lineHeight":60,"_N$file":{"__uuid__":"9elZmWDh9KNIHgrqobLntL"},"_isSystemFontUsed":false,"_N$verticalAlign":1,"_N$overflow":3},{"__type__":"cc.Node","_name":"vLayout","_parent":{"__id__":4},"_children":[{"__id__":21},{"__id__":26}],"_level":4,"_components":[{"__type__":"cc.Layout","node":{"__id__":20},"_layoutSize":{"__type__":"cc.Size","width":221.03,"height":50},"_resize":1,"_N$layoutType":1}],"_prefab":{"__type__":"cc.PrefabInfo","root":{"__id__":1},"asset":{"__uuid__":"7bSeFnGypAzbAqHPBLm1mu"},"fileId":"47apwa7+pEQYeW7UH696CL"},"_contentSize":{"__type__":"cc.Size","width":221.03,"height":50},"_position":{"__type__":"cc.Vec3","y":-165}},{"__type__":"cc.Node","_name":"toggle","_parent":{"__id__":20},"_children":[{"__id__":22},{"__id__":23}],"_level":5,"_components":[{"__id__":25}],"_prefab":{"__type__":"cc.PrefabInfo","root":{"__id__":1},"asset":{"__uuid__":"7bSeFnGypAzbAqHPBLm1mu"},"fileId":"4d0mWGUPhN6LBoy1vhiUHu"},"_contentSize":{"__type__":"cc.Size","width":50,"height":50},"_position":{"__type__":"cc.Vec3","x":-85.515},"_scale":{"__type__":"cc.Vec3","x":0.5,"y":0.5,"z":1}},{"__type__":"cc.Node","_name":"Background","_parent":{"__id__":21},"_components":[{"__type__":"cc.Sprite","node":{"__id__":22},"_materials":[{"__uuid__":"ecpdLyjvZBwrvm+cedCcQy"}],"_spriteFrame":{"__uuid__":"daZJGkyjdF5KMpYalcTiMH"},"_sizeMode":2}],"_prefab":{"__type__":"cc.PrefabInfo","root":{"__id__":1},"asset":{"__uuid__":"7bSeFnGypAzbAqHPBLm1mu"},"fileId":"f3TsmSx5BJbatk8X8/+hO/"},"_contentSize":{"__type__":"cc.Size","width":51,"height":51}},{"__type__":"cc.Node","_name":"checkmark","_parent":{"__id__":21},"_components":[{"__id__":24}],"_prefab":{"__type__":"cc.PrefabInfo","root":{"__id__":1},"asset":{"__uuid__":"7bSeFnGypAzbAqHPBLm1mu"},"fileId":"96kzr5DJlF+YZYRzsBM9fw"},"_contentSize":{"__type__":"cc.Size","width":40,"height":38}},{"__type__":"cc.Sprite","node":{"__id__":23},"_materials":[{"__uuid__":"ecpdLyjvZBwrvm+cedCcQy"}],"_spriteFrame":{"__uuid__":"07YL+20kdBwoJaBpQKm2Ap"},"_sizeMode":2,"_isTrimmedMode":false},{"__type__":"cc.Toggle","node":{"__id__":21},"_N$transition":3,"transition":3,"_N$normalColor":{"__type__":"cc.Color","r":214,"g":214,"b":214},"_N$target":{"__id__":22},"checkMark":{"__id__":24},"checkEvents":[{"__type__":"cc.ClickEvent","target":{"__id__":1},"_componentId":"bdfc18jf11EdKfUrB5p/u3k","handler":"onClickToggleBtn"}]},{"__type__":"cc.Node","_name":"tips","_parent":{"__id__":20},"_level":5,"_components":[{"__type__":"cc.Label","node":{"__id__":26},"_materials":[{"__uuid__":"ecpdLyjvZBwrvm+cedCcQy"}],"_useOriginalSize":false,"_string":"label_text.nopopup","_N$string":"label_text.nopopup","_fontSize":20,"_N$horizontalAlign":1,"_N$verticalAlign":1},{"__type__":"744dcs4DCdNprNhG0xwq6FK","node":{"__id__":26},"_dataID":"label_text.nopopup"},{"__type__":"cc.LabelOutline","node":{"__id__":26},"_color":{"__type__":"cc.Color"}}],"_prefab":{"__type__":"cc.PrefabInfo","root":{"__id__":1},"asset":{"__uuid__":"7bSeFnGypAzbAqHPBLm1mu"},"fileId":"3cLIDZKxNFhYxIXwxjE+IT"},"_contentSize":{"__type__":"cc.Size","width":171.03,"height":52.4},"_position":{"__type__":"cc.Vec3","x":25}},{"__type__":"cc.Node","_name":"okBtn","_parent":{"__id__":4},"_children":[{"__id__":28}],"_level":4,"_components":[{"__type__":"cc.Sprite","node":{"__id__":27},"_materials":[{"__uuid__":"ecpdLyjvZBwrvm+cedCcQy"}],"_spriteFrame":{"__uuid__":"c5J5agrrxAEoIuUojGoLgz"},"_sizeMode":2},{"__type__":"cc.Button","node":{"__id__":27},"zoomScale":1.1,"clickEvents":[{"__type__":"cc.ClickEvent","target":{"__id__":1},"_componentId":"bdfc18jf11EdKfUrB5p/u3k","handler":"onClickCloseBtn"}],"_N$transition":2,"transition":2,"_N$normalSprite":{"__uuid__":"c5J5agrrxAEoIuUojGoLgz"},"_N$pressedSprite":{"__uuid__":"76/Dx1x+hCBav2ZZhDTHqP"},"pressedSprite":{"__uuid__":"76/Dx1x+hCBav2ZZhDTHqP"},"_N$hoverSprite":{"__uuid__":"c5J5agrrxAEoIuUojGoLgz"},"hoverSprite":{"__uuid__":"c5J5agrrxAEoIuUojGoLgz"},"_N$disabledSprite":{"__uuid__":"76/Dx1x+hCBav2ZZhDTHqP"}},{"__type__":"cc.Widget","node":{"__id__":27},"_alignFlags":4,"_bottom":27.599999999999994}],"_prefab":{"__type__":"cc.PrefabInfo","root":{"__id__":1},"asset":{"__uuid__":"7bSeFnGypAzbAqHPBLm1mu"},"fileId":"b4PJ/yY2dMQoHFOh+PS12d"},"_contentSize":{"__type__":"cc.Size","width":486,"height":187},"_position":{"__type__":"cc.Vec3","y":-219.99999999999997},"_scale":{"__type__":"cc.Vec3","x":0.4,"y":0.4,"z":1}},{"__type__":"cc.Node","_name":"lab","_parent":{"__id__":27},"_level":5,"_components":[{"__type__":"744dcs4DCdNprNhG0xwq6FK","node":{"__id__":28},"_dataID":"label_text.ok"},{"__type__":"cc.Label","node":{"__id__":28},"_materials":[{"__uuid__":"ecpdLyjvZBwrvm+cedCcQy"}],"_useOriginalSize":false,"_string":"label_text.ok","_N$string":"label_text.ok","_fontSize":60,"_lineHeight":60,"_N$horizontalAlign":1,"_N$verticalAlign":1}],"_prefab":{"__type__":"cc.PrefabInfo","root":{"__id__":1},"asset":{"__uuid__":"7bSeFnGypAzbAqHPBLm1mu"},"fileId":"3fIZA0aKZB0JGC7/klGUGB"},"_color":{"__type__":"cc.Color"},"_contentSize":{"__type__":"cc.Size","width":336.88,"height":75.6}},{"__type__":"cc.Node","_name":"title-bg-purple","_parent":{"__id__":3},"_children":[{"__id__":30}],"_level":3,"_components":[{"__type__":"cc.Sprite","node":{"__id__":29},"_materials":[{"__uuid__":"ecpdLyjvZBwrvm+cedCcQy"}],"_spriteFrame":{"__uuid__":"20UHtAzwdCNLEXUcrwQb54"}},{"__type__":"cc.Widget","node":{"__id__":29},"_alignFlags":1,"_top":-31}],"_prefab":{"__type__":"cc.PrefabInfo","root":{"__id__":1},"asset":{"__uuid__":"7bSeFnGypAzbAqHPBLm1mu"},"fileId":"28N3CTB4lERZKxIUGFExYf"},"_contentSize":{"__type__":"cc.Size","width":488,"height":86},"_position":{"__type__":"cc.Vec3","y":288}},{"__type__":"cc.Node","_name":"rankings","_parent":{"__id__":29},"_level":4,"_components":[{"__type__":"cc.Label","node":{"__id__":30},"_materials":[{"__uuid__":"ecpdLyjvZBwrvm+cedCcQy"}],"_useOriginalSize":false,"_string":"Notice","_N$string":"Notice","_fontSize":50,"_N$horizontalAlign":1,"_N$verticalAlign":1},{"__type__":"744dcs4DCdNprNhG0xwq6FK","node":{"__id__":30},"_dataID":"label_text.notice"},{"__type__":"cc.LabelOutline","node":{"__id__":30},"_color":{"__type__":"cc.Color"},"_width":2.9}],"_prefab":{"__type__":"cc.PrefabInfo","root":{"__id__":1},"asset":{"__uuid__":"7bSeFnGypAzbAqHPBLm1mu"},"fileId":"6aQupUVIFDl48HoqfVd0pE"},"_contentSize":{"__type__":"cc.Size","width":147.52,"height":56.199999999999996},"_position":{"__type__":"cc.Vec3","y":10}}],{"__type__":"cc.SpriteFrame","content":{"name":"rank-bg","texture":"1c61bbff0","rect":[3,3,547,744],"offset":[0,0],"originalSize":[547,744],"capInsets":[150,150,150,150]}},{"__type__":"cc.SpriteFrame","content":{"name":"play1","texture":"1f944af48","rect":[529,327,486,187],"offset":[0,0],"originalSize":[486,187],"capInsets":[0,0,0,0]}},{"__type__":"cc.SpriteFrame","content":{"name":"SpecialContentStretch","texture":"1c61bbff0","rect":[902,176,51,51],"offset":[0,0],"originalSize":[51,51],"capInsets":[0,0,0,0]}},{"__type__":"cc.SpriteFrame","content":{"name":"sound-bg","texture":"1c61bbff0","rect":[902,345,38,66],"offset":[0,0],"originalSize":[38,66],"rotated":1,"capInsets":[15,25,15,25]}}]