[{"__type__":"cc.SpriteFrame","content":{"name":"BernhardGotURW-Hea-noStroke","texture":"60vS8BJdtEGqVeI8tcdBSM","rect":[3,4,437,376],"offset":[-2.5,0],"originalSize":[448,384],"capInsets":[0,0,0,0]}},{"__type__":"cc.BitmapFont","_name":"BernhardGotURW-Hea-noStroke","spriteFrame":{"__uuid__":"38y6SaV7tLsbMz+L91H2YZ"},"fontSize":60,"_fntConfig":{"commonHeight":60,"fontSize":60,"atlasName":"BernhardGotURW-Hea-noStroke.png","fontDefDictionary":{"32":{"rect":{"x":46,"y":112,"width":0,"height":0},"xOffset":0,"yOffset":44,"xAdvance":12},"33":{"rect":{"x":364,"y":146,"width":18,"height":44},"xOffset":4,"yOffset":3,"xAdvance":21},"34":{"rect":{"x":356,"y":246,"width":22,"height":20},"xOffset":6,"yOffset":3,"xAdvance":30},"35":{"rect":{"x":330,"y":146,"width":32,"height":44},"xOffset":2,"yOffset":2,"xAdvance":33},"36":{"rect":{"x":66,"y":2,"width":36,"height":52},"xOffset":3,"yOffset":-4,"xAdvance":38},"37":{"rect":{"x":230,"y":98,"width":44,"height":46},"xOffset":3,"yOffset":1,"xAdvance":45},"38":{"rect":{"x":2,"y":2,"width":62,"height":52},"xOffset":2,"yOffset":-2,"xAdvance":62},"39":{"rect":{"x":50,"y":280,"width":12,"height":20},"xOffset":4,"yOffset":3,"xAdvance":15},"40":{"rect":{"x":2,"y":116,"width":22,"height":58},"xOffset":2,"yOffset":-5,"xAdvance":22},"41":{"rect":{"x":22,"y":56,"width":22,"height":58},"xOffset":1,"yOffset":-5,"xAdvance":22},"42":{"rect":{"x":338,"y":226,"width":20,"height":18},"xOffset":7,"yOffset":3,"xAdvance":31},"43":{"rect":{"x":322,"y":246,"width":32,"height":32},"xOffset":1,"yOffset":7,"xAdvance":30},"44":{"rect":{"x":304,"y":280,"width":16,"height":26},"xOffset":3,"yOffset":31,"xAdvance":19},"45":{"rect":{"x":66,"y":366,"width":20,"height":12},"xOffset":2,"yOffset":24,"xAdvance":20},"46":{"rect":{"x":360,"y":226,"width":16,"height":16},"xOffset":4,"yOffset":30,"xAdvance":21},"47":{"rect":{"x":152,"y":242,"width":34,"height":46},"xOffset":0,"yOffset":0,"xAdvance":33},"48":{"rect":{"x":190,"y":98,"width":38,"height":46},"xOffset":4,"yOffset":1,"xAdvance":41},"49":{"rect":{"x":312,"y":146,"width":16,"height":44},"xOffset":14,"yOffset":2,"xAdvance":41},"50":{"rect":{"x":276,"y":146,"width":34,"height":44},"xOffset":5,"yOffset":2,"xAdvance":41},"51":{"rect":{"x":152,"y":194,"width":34,"height":46},"xOffset":5,"yOffset":1,"xAdvance":41},"52":{"rect":{"x":190,"y":330,"width":40,"height":44},"xOffset":2,"yOffset":2,"xAdvance":41},"53":{"rect":{"x":152,"y":146,"width":34,"height":46},"xOffset":5,"yOffset":2,"xAdvance":41},"54":{"rect":{"x":66,"y":156,"width":36,"height":48},"xOffset":4,"yOffset":-1,"xAdvance":41},"55":{"rect":{"x":190,"y":284,"width":34,"height":44},"xOffset":7,"yOffset":2,"xAdvance":41},"56":{"rect":{"x":152,"y":98,"width":36,"height":46},"xOffset":4,"yOffset":0,"xAdvance":41},"57":{"rect":{"x":66,"y":106,"width":36,"height":48},"xOffset":4,"yOffset":1,"xAdvance":41},"58":{"rect":{"x":304,"y":246,"width":16,"height":32},"xOffset":4,"yOffset":14,"xAdvance":21},"59":{"rect":{"x":384,"y":146,"width":18,"height":42},"xOffset":3,"yOffset":15,"xAdvance":19},"60":{"rect":{"x":270,"y":334,"width":32,"height":34},"xOffset":1,"yOffset":6,"xAdvance":30},"61":{"rect":{"x":304,"y":226,"width":32,"height":18},"xOffset":1,"yOffset":15,"xAdvance":30},"62":{"rect":{"x":270,"y":298,"width":32,"height":34},"xOffset":1,"yOffset":6,"xAdvance":30},"63":{"rect":{"x":412,"y":2,"width":30,"height":46},"xOffset":1,"yOffset":1,"xAdvance":28},"64":{"rect":{"x":104,"y":2,"width":48,"height":48},"xOffset":0,"yOffset":0,"xAdvance":41},"65":{"rect":{"x":152,"y":52,"width":46,"height":44},"xOffset":1,"yOffset":2,"xAdvance":44},"66":{"rect":{"x":104,"y":290,"width":36,"height":46},"xOffset":3,"yOffset":1,"xAdvance":37},"67":{"rect":{"x":104,"y":242,"width":38,"height":46},"xOffset":2,"yOffset":1,"xAdvance":38},"68":{"rect":{"x":104,"y":194,"width":40,"height":46},"xOffset":3,"yOffset":1,"xAdvance":41},"69":{"rect":{"x":190,"y":238,"width":30,"height":44},"xOffset":3,"yOffset":2,"xAdvance":31},"70":{"rect":{"x":190,"y":192,"width":30,"height":44},"xOffset":3,"yOffset":2,"xAdvance":31},"71":{"rect":{"x":104,"y":146,"width":44,"height":46},"xOffset":2,"yOffset":1,"xAdvance":44},"72":{"rect":{"x":232,"y":146,"width":42,"height":44},"xOffset":3,"yOffset":2,"xAdvance":43},"73":{"rect":{"x":84,"y":302,"width":16,"height":44},"xOffset":3,"yOffset":2,"xAdvance":19},"74":{"rect":{"x":152,"y":336,"width":28,"height":44},"xOffset":0,"yOffset":3,"xAdvance":28},"75":{"rect":{"x":104,"y":98,"width":40,"height":46},"xOffset":3,"yOffset":1,"xAdvance":41},"76":{"rect":{"x":152,"y":290,"width":30,"height":44},"xOffset":3,"yOffset":2,"xAdvance":31},"77":{"rect":{"x":104,"y":52,"width":46,"height":44},"xOffset":3,"yOffset":2,"xAdvance":48},"78":{"rect":{"x":190,"y":146,"width":40,"height":44},"xOffset":3,"yOffset":2,"xAdvance":42},"79":{"rect":{"x":366,"y":2,"width":44,"height":46},"xOffset":2,"yOffset":1,"xAdvance":44},"80":{"rect":{"x":402,"y":98,"width":38,"height":44},"xOffset":3,"yOffset":2,"xAdvance":38},"81":{"rect":{"x":2,"y":280,"width":46,"height":54},"xOffset":2,"yOffset":1,"xAdvance":46},"82":{"rect":{"x":324,"y":2,"width":40,"height":46},"xOffset":3,"yOffset":0,"xAdvance":40},"83":{"rect":{"x":286,"y":2,"width":36,"height":46},"xOffset":2,"yOffset":1,"xAdvance":35},"84":{"rect":{"x":362,"y":98,"width":38,"height":44},"xOffset":1,"yOffset":2,"xAdvance":35},"85":{"rect":{"x":320,"y":98,"width":40,"height":44},"xOffset":3,"yOffset":3,"xAdvance":43},"86":{"rect":{"x":276,"y":98,"width":42,"height":44},"xOffset":1,"yOffset":2,"xAdvance":41},"87":{"rect":{"x":2,"y":234,"width":56,"height":44},"xOffset":1,"yOffset":2,"xAdvance":54},"88":{"rect":{"x":390,"y":52,"width":42,"height":44},"xOffset":1,"yOffset":2,"xAdvance":40},"89":{"rect":{"x":346,"y":52,"width":42,"height":44},"xOffset":1,"yOffset":2,"xAdvance":39},"90":{"rect":{"x":308,"y":52,"width":36,"height":44},"xOffset":1,"yOffset":2,"xAdvance":34},"91":{"rect":{"x":44,"y":176,"width":18,"height":54},"xOffset":6,"yOffset":2,"xAdvance":22},"92":{"rect":{"x":250,"y":2,"width":34,"height":46},"xOffset":-1,"yOffset":0,"xAdvance":33},"93":{"rect":{"x":24,"y":176,"width":18,"height":54},"xOffset":2,"yOffset":2,"xAdvance":22},"94":{"rect":{"x":398,"y":192,"width":32,"height":22},"xOffset":1,"yOffset":2,"xAdvance":30},"95":{"rect":{"x":2,"y":370,"width":34,"height":10},"xOffset":0,"yOffset":47,"xAdvance":30},"96":{"rect":{"x":232,"y":368,"width":18,"height":12},"xOffset":5,"yOffset":1,"xAdvance":23},"97":{"rect":{"x":364,"y":192,"width":32,"height":32},"xOffset":2,"yOffset":15,"xAdvance":32},"98":{"rect":{"x":214,"y":2,"width":34,"height":46},"xOffset":2,"yOffset":0,"xAdvance":33},"99":{"rect":{"x":270,"y":262,"width":28,"height":34},"xOffset":1,"yOffset":13,"xAdvance":27},"100":{"rect":{"x":66,"y":56,"width":34,"height":48},"xOffset":1,"yOffset":-2,"xAdvance":34},"101":{"rect":{"x":270,"y":226,"width":32,"height":34},"xOffset":1,"yOffset":13,"xAdvance":31},"102":{"rect":{"x":188,"y":2,"width":24,"height":46},"xOffset":1,"yOffset":0,"xAdvance":21},"103":{"rect":{"x":272,"y":52,"width":34,"height":44},"xOffset":1,"yOffset":15,"xAdvance":34},"104":{"rect":{"x":154,"y":2,"width":32,"height":46},"xOffset":2,"yOffset":0,"xAdvance":33},"105":{"rect":{"x":66,"y":302,"width":16,"height":46},"xOffset":1,"yOffset":0,"xAdvance":16},"106":{"rect":{"x":2,"y":56,"width":18,"height":58},"xOffset":-1,"yOffset":0,"xAdvance":16},"107":{"rect":{"x":66,"y":254,"width":34,"height":46},"xOffset":2,"yOffset":1,"xAdvance":33},"108":{"rect":{"x":48,"y":116,"width":16,"height":46},"xOffset":2,"yOffset":0,"xAdvance":16},"109":{"rect":{"x":2,"y":336,"width":50,"height":32},"xOffset":2,"yOffset":14,"xAdvance":51},"110":{"rect":{"x":270,"y":192,"width":34,"height":32},"xOffset":2,"yOffset":14,"xAdvance":34},"111":{"rect":{"x":232,"y":332,"width":34,"height":34},"xOffset":1,"yOffset":13,"xAdvance":32},"112":{"rect":{"x":236,"y":52,"width":34,"height":44},"xOffset":2,"yOffset":14,"xAdvance":33},"113":{"rect":{"x":200,"y":52,"width":34,"height":44},"xOffset":1,"yOffset":14,"xAdvance":34},"114":{"rect":{"x":338,"y":192,"width":24,"height":32},"xOffset":2,"yOffset":14,"xAdvance":24},"115":{"rect":{"x":232,"y":296,"width":28,"height":34},"xOffset":2,"yOffset":13,"xAdvance":27},"116":{"rect":{"x":404,"y":146,"width":24,"height":40},"xOffset":1,"yOffset":7,"xAdvance":23},"117":{"rect":{"x":232,"y":262,"width":34,"height":32},"xOffset":2,"yOffset":15,"xAdvance":34},"118":{"rect":{"x":232,"y":192,"width":36,"height":32},"xOffset":1,"yOffset":14,"xAdvance":34},"119":{"rect":{"x":104,"y":338,"width":44,"height":32},"xOffset":1,"yOffset":14,"xAdvance":43},"120":{"rect":{"x":232,"y":226,"width":34,"height":34},"xOffset":1,"yOffset":13,"xAdvance":33},"121":{"rect":{"x":66,"y":206,"width":34,"height":46},"xOffset":1,"yOffset":13,"xAdvance":32},"122":{"rect":{"x":306,"y":192,"width":30,"height":32},"xOffset":1,"yOffset":14,"xAdvance":28},"123":{"rect":{"x":2,"y":176,"width":20,"height":56},"xOffset":4,"yOffset":1,"xAdvance":22},"124":{"rect":{"x":46,"y":56,"width":10,"height":54},"xOffset":12,"yOffset":2,"xAdvance":30},"125":{"rect":{"x":26,"y":116,"width":20,"height":56},"xOffset":2,"yOffset":1,"xAdvance":22},"126":{"rect":{"x":66,"y":350,"width":32,"height":14},"xOffset":1,"yOffset":3,"xAdvance":30}},"kerningDict":{}}}]