[1,["40AzQKgEpN+JTFJTVSp35y","c6VcXjsmpC06yb6jvPtHAV","82qJk33dhNNpUTaS8uidEO"],["_textureSetter","spriteFrame"],["cc.SpriteFrame",["cc.BitmapFont",["_name","fontSize","_fntConfig"],0]],[[1,0,1,2,4]],[[[{"name":"singleColor","rect":[0,0,2,2],"offset":[0,0],"originalSize":[2,2],"capInsets":[0,0,0,0]}],[0],0,[0],[0],[0]],[[{"name":"BernhardGotURW-Hea","rect":[2,2,440,441],"offset":[-2,1.5],"originalSize":[448,448],"capInsets":[0,0,0,0]}],[0],0,[0],[0],[1]],[[[0,"BernhardGotURW-Hea",60,{"commonHeight":63,"fontSize":60,"atlasName":"BernhardGotURW-Hea.png","fontDefDictionary":{"32":{"xOffset":0,"yOffset":43,"xAdvance":12,"rect":{"x":70,"y":50,"width":0,"height":0}},"33":{"xOffset":4,"yOffset":2,"xAdvance":21,"rect":{"x":24,"y":306,"width":20,"height":48}},"34":{"xOffset":6,"yOffset":2,"xAdvance":30,"rect":{"x":146,"y":398,"width":24,"height":24}},"35":{"xOffset":2,"yOffset":3,"xAdvance":33,"rect":{"x":228,"y":256,"width":36,"height":46}},"36":{"xOffset":3,"yOffset":-5,"xAdvance":38,"rect":{"x":50,"y":116,"width":38,"height":56}},"37":{"xOffset":3,"yOffset":2,"xAdvance":45,"rect":{"x":180,"y":208,"width":46,"height":48}},"38":{"xOffset":2,"yOffset":-1,"xAdvance":62,"rect":{"x":2,"y":2,"width":66,"height":54}},"39":{"xOffset":4,"yOffset":2,"xAdvance":15,"rect":{"x":428,"y":108,"width":14,"height":24}},"40":{"xOffset":2,"yOffset":-6,"xAdvance":22,"rect":{"x":24,"y":122,"width":24,"height":62}},"41":{"xOffset":1,"yOffset":-6,"xAdvance":22,"rect":{"x":24,"y":58,"width":24,"height":62}},"42":{"xOffset":7,"yOffset":2,"xAdvance":31,"rect":{"x":420,"y":208,"width":22,"height":22}},"43":{"xOffset":1,"yOffset":8,"xAdvance":30,"rect":{"x":266,"y":332,"width":36,"height":34}},"44":{"xOffset":3,"yOffset":30,"xAdvance":19,"rect":{"x":146,"y":366,"width":20,"height":30}},"45":{"xOffset":2,"yOffset":23,"xAdvance":20,"rect":{"x":146,"y":424,"width":22,"height":16}},"46":{"xOffset":4,"yOffset":29,"xAdvance":21,"rect":{"x":424,"y":176,"width":20,"height":20}},"47":{"xOffset":0,"yOffset":1,"xAdvance":33,"rect":{"x":386,"y":158,"width":36,"height":48}},"48":{"xOffset":4,"yOffset":2,"xAdvance":41,"rect":{"x":344,"y":158,"width":40,"height":48}},"49":{"xOffset":14,"yOffset":1,"xAdvance":41,"rect":{"x":2,"y":396,"width":20,"height":48}},"50":{"xOffset":5,"yOffset":1,"xAdvance":41,"rect":{"x":304,"y":158,"width":38,"height":48}},"51":{"xOffset":5,"yOffset":0,"xAdvance":41,"rect":{"x":408,"y":2,"width":36,"height":50}},"52":{"xOffset":2,"yOffset":1,"xAdvance":41,"rect":{"x":260,"y":158,"width":42,"height":48}},"53":{"xOffset":5,"yOffset":3,"xAdvance":41,"rect":{"x":222,"y":158,"width":36,"height":48}},"54":{"xOffset":4,"yOffset":0,"xAdvance":41,"rect":{"x":50,"y":226,"width":40,"height":50}},"55":{"xOffset":7,"yOffset":3,"xAdvance":41,"rect":{"x":382,"y":208,"width":36,"height":46}},"56":{"xOffset":4,"yOffset":1,"xAdvance":41,"rect":{"x":180,"y":158,"width":40,"height":48}},"57":{"xOffset":4,"yOffset":2,"xAdvance":41,"rect":{"x":50,"y":174,"width":40,"height":50}},"58":{"xOffset":4,"yOffset":13,"xAdvance":21,"rect":{"x":24,"y":404,"width":20,"height":36}},"59":{"xOffset":3,"yOffset":14,"xAdvance":19,"rect":{"x":424,"y":58,"width":20,"height":46}},"60":{"xOffset":1,"yOffset":7,"xAdvance":30,"rect":{"x":266,"y":294,"width":36,"height":36}},"61":{"xOffset":1,"yOffset":14,"xAdvance":30,"rect":{"x":380,"y":256,"width":36,"height":22}},"62":{"xOffset":1,"yOffset":7,"xAdvance":30,"rect":{"x":342,"y":256,"width":36,"height":36}},"63":{"xOffset":1,"yOffset":2,"xAdvance":28,"rect":{"x":146,"y":158,"width":32,"height":48}},"64":{"xOffset":0,"yOffset":1,"xAdvance":41,"rect":{"x":356,"y":2,"width":50,"height":50}},"65":{"xOffset":1,"yOffset":3,"xAdvance":44,"rect":{"x":378,"y":108,"width":48,"height":46}},"66":{"xOffset":3,"yOffset":2,"xAdvance":37,"rect":{"x":336,"y":108,"width":40,"height":48}},"67":{"xOffset":2,"yOffset":2,"xAdvance":38,"rect":{"x":292,"y":108,"width":42,"height":48}},"68":{"xOffset":3,"yOffset":2,"xAdvance":41,"rect":{"x":246,"y":108,"width":44,"height":48}},"69":{"xOffset":3,"yOffset":3,"xAdvance":31,"rect":{"x":346,"y":208,"width":34,"height":46}},"70":{"xOffset":3,"yOffset":3,"xAdvance":31,"rect":{"x":310,"y":208,"width":34,"height":46}},"71":{"xOffset":2,"yOffset":2,"xAdvance":44,"rect":{"x":196,"y":108,"width":48,"height":48}},"72":{"xOffset":3,"yOffset":3,"xAdvance":43,"rect":{"x":264,"y":208,"width":44,"height":46}},"73":{"xOffset":3,"yOffset":3,"xAdvance":19,"rect":{"x":24,"y":356,"width":20,"height":46}},"74":{"xOffset":0,"yOffset":2,"xAdvance":28,"rect":{"x":100,"y":358,"width":32,"height":48}},"75":{"xOffset":3,"yOffset":2,"xAdvance":41,"rect":{"x":100,"y":308,"width":44,"height":48}},"76":{"xOffset":3,"yOffset":3,"xAdvance":31,"rect":{"x":228,"y":208,"width":34,"height":46}},"77":{"xOffset":3,"yOffset":3,"xAdvance":48,"rect":{"x":304,"y":2,"width":50,"height":46}},"78":{"xOffset":3,"yOffset":3,"xAdvance":42,"rect":{"x":180,"y":354,"width":44,"height":46}},"79":{"xOffset":2,"yOffset":2,"xAdvance":44,"rect":{"x":146,"y":108,"width":48,"height":48}},"80":{"xOffset":3,"yOffset":1,"xAdvance":38,"rect":{"x":100,"y":258,"width":40,"height":48}},"81":{"xOffset":2,"yOffset":2,"xAdvance":46,"rect":{"x":50,"y":58,"width":48,"height":56}},"82":{"xOffset":3,"yOffset":1,"xAdvance":40,"rect":{"x":100,"y":208,"width":42,"height":48}},"83":{"xOffset":2,"yOffset":2,"xAdvance":35,"rect":{"x":100,"y":158,"width":38,"height":48}},"84":{"xOffset":1,"yOffset":3,"xAdvance":35,"rect":{"x":180,"y":306,"width":40,"height":46}},"85":{"xOffset":3,"yOffset":2,"xAdvance":43,"rect":{"x":100,"y":108,"width":44,"height":48}},"86":{"xOffset":1,"yOffset":1,"xAdvance":41,"rect":{"x":376,"y":58,"width":46,"height":48}},"87":{"xOffset":1,"yOffset":3,"xAdvance":54,"rect":{"x":70,"y":2,"width":60,"height":46}},"88":{"xOffset":1,"yOffset":1,"xAdvance":40,"rect":{"x":328,"y":58,"width":46,"height":48}},"89":{"xOffset":1,"yOffset":1,"xAdvance":39,"rect":{"x":282,"y":58,"width":44,"height":48}},"90":{"xOffset":1,"yOffset":3,"xAdvance":34,"rect":{"x":180,"y":258,"width":38,"height":46}},"91":{"xOffset":6,"yOffset":3,"xAdvance":22,"rect":{"x":2,"y":238,"width":20,"height":56}},"92":{"xOffset":-1,"yOffset":1,"xAdvance":33,"rect":{"x":244,"y":58,"width":36,"height":48}},"93":{"xOffset":2,"yOffset":3,"xAdvance":22,"rect":{"x":2,"y":180,"width":20,"height":56}},"94":{"xOffset":1,"yOffset":3,"xAdvance":30,"rect":{"x":228,"y":416,"width":36,"height":24}},"95":{"xOffset":0,"yOffset":46,"xAdvance":30,"rect":{"x":50,"y":416,"width":36,"height":14}},"96":{"xOffset":5,"yOffset":0,"xAdvance":23,"rect":{"x":424,"y":158,"width":20,"height":16}},"97":{"xOffset":2,"yOffset":14,"xAdvance":32,"rect":{"x":304,"y":256,"width":36,"height":36}},"98":{"xOffset":2,"yOffset":-1,"xAdvance":33,"rect":{"x":264,"y":2,"width":38,"height":50}},"99":{"xOffset":1,"yOffset":14,"xAdvance":27,"rect":{"x":146,"y":292,"width":32,"height":36}},"100":{"xOffset":1,"yOffset":-1,"xAdvance":34,"rect":{"x":226,"y":2,"width":36,"height":50}},"101":{"xOffset":1,"yOffset":14,"xAdvance":31,"rect":{"x":266,"y":256,"width":36,"height":36}},"102":{"xOffset":1,"yOffset":1,"xAdvance":21,"rect":{"x":216,"y":58,"width":26,"height":48}},"103":{"xOffset":1,"yOffset":14,"xAdvance":34,"rect":{"x":176,"y":58,"width":38,"height":48}},"104":{"xOffset":2,"yOffset":1,"xAdvance":33,"rect":{"x":138,"y":58,"width":36,"height":48}},"105":{"xOffset":1,"yOffset":1,"xAdvance":16,"rect":{"x":2,"y":346,"width":18,"height":48}},"106":{"xOffset":-1,"yOffset":-1,"xAdvance":16,"rect":{"x":2,"y":58,"width":20,"height":62}},"107":{"xOffset":2,"yOffset":0,"xAdvance":33,"rect":{"x":188,"y":2,"width":36,"height":50}},"108":{"xOffset":2,"yOffset":1,"xAdvance":16,"rect":{"x":2,"y":296,"width":18,"height":48}},"109":{"xOffset":2,"yOffset":15,"xAdvance":51,"rect":{"x":132,"y":2,"width":54,"height":34}},"110":{"xOffset":2,"yOffset":15,"xAdvance":34,"rect":{"x":228,"y":380,"width":36,"height":34}},"111":{"xOffset":1,"yOffset":14,"xAdvance":32,"rect":{"x":228,"y":342,"width":36,"height":36}},"112":{"xOffset":2,"yOffset":13,"xAdvance":33,"rect":{"x":100,"y":58,"width":36,"height":48}},"113":{"xOffset":1,"yOffset":13,"xAdvance":34,"rect":{"x":50,"y":366,"width":38,"height":48}},"114":{"xOffset":2,"yOffset":15,"xAdvance":24,"rect":{"x":146,"y":330,"width":28,"height":34}},"115":{"xOffset":2,"yOffset":14,"xAdvance":27,"rect":{"x":146,"y":254,"width":32,"height":36}},"116":{"xOffset":1,"yOffset":6,"xAdvance":23,"rect":{"x":146,"y":208,"width":28,"height":44}},"117":{"xOffset":2,"yOffset":14,"xAdvance":34,"rect":{"x":228,"y":304,"width":36,"height":36}},"118":{"xOffset":1,"yOffset":13,"xAdvance":34,"rect":{"x":180,"y":402,"width":38,"height":36}},"119":{"xOffset":1,"yOffset":13,"xAdvance":43,"rect":{"x":50,"y":328,"width":48,"height":36}},"120":{"xOffset":1,"yOffset":14,"xAdvance":33,"rect":{"x":100,"y":408,"width":38,"height":36}},"121":{"xOffset":1,"yOffset":14,"xAdvance":32,"rect":{"x":50,"y":278,"width":36,"height":48}},"122":{"xOffset":1,"yOffset":15,"xAdvance":28,"rect":{"x":266,"y":368,"width":34,"height":34}},"123":{"xOffset":4,"yOffset":2,"xAdvance":22,"rect":{"x":24,"y":246,"width":22,"height":58}},"124":{"xOffset":12,"yOffset":3,"xAdvance":30,"rect":{"x":2,"y":122,"width":12,"height":56}},"125":{"xOffset":2,"yOffset":2,"xAdvance":22,"rect":{"x":24,"y":186,"width":22,"height":58}},"126":{"xOffset":1,"yOffset":2,"xAdvance":30,"rect":{"x":132,"y":38,"width":36,"height":18}}},"kerningDict":{}}]],0,0,[0],[1],[2]]]]