[1,["ecpdLyjvZBwrvm+cedCcQy","a2MjXRFdtLlYQ5ouAFv/+R","5aODqgnn5PX5deMuX2+aq8","173d75890","02delMVqdBD70a/HSD99FK"],["node","_spriteFrame","_textureSetter","root","cycleIcon","data","_parent"],[["cc.Node",["_name","_opacity","_prefab","_components","_contentSize","_children","_color","_trs","_parent"],1,4,9,5,2,5,7,1],"cc.SpriteFrame",["cc.Sprite",["_sizeMode","_isTrimmedMode","node","_materials","_spriteFrame"],1,1,3,6],["cc.Prefab",["_name"],2],["cc.Widget",["alignMode","_alignFlags","_originalWidth","_originalHeight","node"],-1,1],["cc.BlockInputEvents",["node"],3,1],["34e7aFW/uVFVIfXycZW6RWT",["node","cycleIcon"],3,1,1],["cc.PrefabInfo",["fileId","root"],2,1]],[[7,0,1,2],[4,0,1,2,3,4,5],[3,0,2],[0,0,5,3,2,6,4,7,2],[0,0,1,8,3,2,6,4,3],[0,0,3,2,4,2],[0,0,8,5,2,7,2],[5,0,1],[6,0,1,1],[2,0,2,3,4,2],[2,0,1,2,3,4,3]],[[[[2,"loading"],[3,"loading",[-6,-7],[[1,0,45,1280,720,-2],[7,-3],[8,-5,-4]],[0,"afrtnrP+NDcrm2j2yKI2SN",-1],[4,4278190080],[5,750,1136],[375,568,0,0,0,0,1,1,1,1]],[4,"bg",150,1,[[9,0,-8,[0],1],[1,0,45,100,100,-9]],[0,"b9LIsvt45C9Ypa87TMMT/6",1],[4,4278190080],[5,750,1136]],[5,"cycleIcon",[[10,2,false,-10,[2],3]],[0,"76MaWl4TZJrY/ysISk60mZ",1],[5,104,104]],[6,"waitNode",1,[3],[0,"ddK3HEkixALKcmsiOjykQj",1],[0,-120,0,0,0,0,1,1,1,1]]],0,[0,3,1,0,0,1,0,0,1,0,4,3,0,0,1,0,-1,2,0,-2,4,0,0,2,0,0,2,0,0,3,0,5,1,3,6,4,10],[0,0,0,0],[-1,1,-1,1],[0,1,0,2]],[[{"name":"iconWaiting","rect":[141,527,104,104],"offset":[0,0],"originalSize":[104,104],"capInsets":[0,0,0,0]}],[1],0,[0],[2],[3]],[[{"name":"default_sprite_splash","rect":[0,0,2,2],"offset":[0,0],"originalSize":[2,2],"capInsets":[0,0,0,0]}],[1],0,[0],[2],[4]]]]