[{"__type__":"cc.SpriteFrame","content":{"name":"title-bg-purple","texture":"1f944af48","rect":[529,520,488,86],"offset":[0,0],"originalSize":[488,86],"capInsets":[0,0,0,0]}},[{"__type__":"cc.Prefab","_name":"rankingItem","data":{"__id__":1}},{"__type__":"cc.Node","_name":"rankingItem","_children":[{"__id__":2},{"__id__":3},{"__id__":4},{"__id__":8},{"__id__":12},{"__id__":14},{"__id__":16}],"_level":1,"_components":[{"__type__":"cc.Widget","node":{"__id__":1},"_alignFlags":40,"_originalWidth":24},{"__type__":"77ef13qzMFCGq3PO0b2VVPf","node":{"__id__":1},"bgSelf":{"__id__":3},"rankIcon":{"__id__":7},"rankSF":[{"__uuid__":"dah5NYf65CKYgb1cWJLQ/J"},{"__uuid__":"53XCx/WApEjKVJPavswhWg"},{"__uuid__":"b9KW/639FAt6mI/4FZbBRx"}],"rankLab":{"__id__":6},"photo":{"__id__":11},"nickName":{"__id__":13},"scoreLab":{"__id__":15}}],"_prefab":{"__type__":"cc.PrefabInfo","root":{"__id__":1},"asset":{"__uuid__":"3baM9CRC5BTIJuMi4rmGTI"},"fileId":"de9QV6+jRFh5xDjKcYkYp2"},"_contentSize":{"__type__":"cc.Size","width":750,"height":90},"_position":{"__type__":"cc.Vec3","x":375,"y":-45}},{"__type__":"cc.Node","_name":"bg","_parent":{"__id__":1},"_level":2,"_components":[{"__type__":"cc.Sprite","node":{"__id__":2},"_materials":[{"__uuid__":"ecpdLyjvZBwrvm+cedCcQy"}],"_type":1,"_sizeMode":0},{"__type__":"cc.Widget","node":{"__id__":2},"_alignFlags":45,"_left":5,"_right":5,"_top":5,"_originalWidth":40,"_originalHeight":36}],"_prefab":{"__type__":"cc.PrefabInfo","root":{"__id__":1},"asset":{"__uuid__":"3baM9CRC5BTIJuMi4rmGTI"},"fileId":"c4qNHI8RJKPagv+1gKFzhP"},"_contentSize":{"__type__":"cc.Size","width":740,"height":85},"_position":{"__type__":"cc.Vec3","y":-2.5}},{"__type__":"cc.Node","_name":"bg_self","_parent":{"__id__":1},"_active":false,"_level":2,"_components":[{"__type__":"cc.Sprite","node":{"__id__":3},"_materials":[{"__uuid__":"ecpdLyjvZBwrvm+cedCcQy"}],"_spriteFrame":{"__uuid__":"42p+24U8VAf6FRReyXLnlM"},"_type":1,"_sizeMode":0},{"__type__":"cc.Widget","node":{"__id__":3},"_alignFlags":45,"_left":5,"_right":5,"_top":5,"_originalWidth":40,"_originalHeight":36}],"_prefab":{"__type__":"cc.PrefabInfo","root":{"__id__":1},"asset":{"__uuid__":"3baM9CRC5BTIJuMi4rmGTI"},"fileId":"4bb7JUQK9B6ZxasEC2Iy1G"},"_contentSize":{"__type__":"cc.Size","width":740,"height":85},"_position":{"__type__":"cc.Vec3","y":-2.5}},{"__type__":"cc.Node","_name":"rankIcon","_parent":{"__id__":1},"_children":[{"__id__":5}],"_level":2,"_components":[{"__id__":7},{"__type__":"cc.Widget","node":{"__id__":4},"_alignFlags":8,"_left":21.5,"_top":15,"_bottom":15,"_originalHeight":60}],"_prefab":{"__type__":"cc.PrefabInfo","root":{"__id__":1},"asset":{"__uuid__":"3baM9CRC5BTIJuMi4rmGTI"},"fileId":"36jz47BABH0LVW977X5MkH"},"_contentSize":{"__type__":"cc.Size","width":47,"height":60},"_position":{"__type__":"cc.Vec3","x":-330}},{"__type__":"cc.Node","_name":"rankLab","_parent":{"__id__":4},"_level":3,"_components":[{"__id__":6},{"__type__":"cc.LabelOutline","node":{"__id__":5},"_color":{"__type__":"cc.Color","r":92,"g":59,"b":33},"_width":3}],"_prefab":{"__type__":"cc.PrefabInfo","root":{"__id__":1},"asset":{"__uuid__":"3baM9CRC5BTIJuMi4rmGTI"},"fileId":"6c/9kf4UZNgZfjMpaKEps/"},"_color":{"__type__":"cc.Color","r":254,"g":255,"b":189},"_contentSize":{"__type__":"cc.Size","width":80,"height":80}},{"__type__":"cc.Label","node":{"__id__":5},"_materials":[{"__uuid__":"ecpdLyjvZBwrvm+cedCcQy"}],"_useOriginalSize":false,"_lineHeight":50,"_N$horizontalAlign":1,"_N$verticalAlign":1,"_N$overflow":2},{"__type__":"cc.Sprite","node":{"__id__":4},"_materials":[{"__uuid__":"ecpdLyjvZBwrvm+cedCcQy"}],"_sizeMode":2},{"__type__":"cc.Node","_name":"headNode","_parent":{"__id__":1},"_children":[{"__id__":9}],"_level":2,"_components":[{"__type__":"cc.Widget","node":{"__id__":8},"_alignFlags":8,"_left":111.19200000000001}],"_prefab":{"__type__":"cc.PrefabInfo","root":{"__id__":1},"asset":{"__uuid__":"3baM9CRC5BTIJuMi4rmGTI"},"fileId":"0b0hOVumhK7700c9FOV5AE"},"_contentSize":{"__type__":"cc.Size","width":40,"height":36},"_position":{"__type__":"cc.Vec3","x":-243.808}},{"__type__":"cc.Node","_name":"mask","_parent":{"__id__":8},"_children":[{"__id__":10}],"_level":3,"_components":[{"__type__":"cc.Mask","node":{"__id__":9},"_materials":[{"__uuid__":"ecpdLyjvZBwrvm+cedCcQy"}]},{"__type__":"cc.Widget","node":{"__id__":9},"_alignFlags":13,"_left":-20,"_right":-20,"_top":-17,"_bottom":-17,"_originalWidth":80,"_originalHeight":80}],"_prefab":{"__type__":"cc.PrefabInfo","root":{"__id__":1},"asset":{"__uuid__":"3baM9CRC5BTIJuMi4rmGTI"},"fileId":"a7YQ1FalZD/otY0J39Wwez"},"_contentSize":{"__type__":"cc.Size","width":80,"height":70}},{"__type__":"cc.Node","_name":"headIcon","_parent":{"__id__":9},"_level":4,"_components":[{"__id__":11}],"_prefab":{"__type__":"cc.PrefabInfo","root":{"__id__":1},"asset":{"__uuid__":"3baM9CRC5BTIJuMi4rmGTI"},"fileId":"77avqICsBAeanyAG3fjy2E"},"_contentSize":{"__type__":"cc.Size","width":80,"height":80}},{"__type__":"cc.Sprite","node":{"__id__":10},"_materials":[{"__uuid__":"ecpdLyjvZBwrvm+cedCcQy"}],"_sizeMode":0},{"__type__":"cc.Node","_name":"playerName","_parent":{"__id__":1},"_level":2,"_components":[{"__id__":13},{"__type__":"cc.LabelOutline","node":{"__id__":12},"_color":{"__type__":"cc.Color","r":92,"g":59,"b":33},"_width":3},{"__type__":"cc.Widget","node":{"__id__":12},"_alignFlags":32,"_right":135}],"_prefab":{"__type__":"cc.PrefabInfo","root":{"__id__":1},"asset":{"__uuid__":"3baM9CRC5BTIJuMi4rmGTI"},"fileId":"f9l4rW+CtLhL3J8TFmCuP3"},"_color":{"__type__":"cc.Color","r":254,"g":255,"b":189},"_contentSize":{"__type__":"cc.Size","width":180,"height":80},"_position":{"__type__":"cc.Vec3","x":150}},{"__type__":"cc.Label","node":{"__id__":12},"_materials":[{"__uuid__":"ecpdLyjvZBwrvm+cedCcQy"}],"_useOriginalSize":false,"_fontSize":30,"_lineHeight":50,"_N$horizontalAlign":1,"_N$verticalAlign":1,"_N$overflow":2},{"__type__":"cc.Node","_name":"scoreLab","_parent":{"__id__":1},"_level":2,"_components":[{"__id__":15},{"__type__":"cc.Widget","node":{"__id__":14},"_alignFlags":32,"_right":4.931000000000012}],"_prefab":{"__type__":"cc.PrefabInfo","root":{"__id__":1},"asset":{"__uuid__":"3baM9CRC5BTIJuMi4rmGTI"},"fileId":"a1Nia2URtNAbof0dRFDYbt"},"_color":{"__type__":"cc.Color","r":255,"g":214},"_contentSize":{"__type__":"cc.Size","width":130,"height":60},"_position":{"__type__":"cc.Vec3","x":305.06899999999996}},{"__type__":"cc.Label","node":{"__id__":14},"_materials":[{"__uuid__":"ecpdLyjvZBwrvm+cedCcQy"}],"_useOriginalSize":false,"_lineHeight":50,"_N$file":{"__uuid__":"9elZmWDh9KNIHgrqobLntL"},"_isSystemFontUsed":false,"_N$horizontalAlign":1,"_N$verticalAlign":1,"_N$overflow":2},{"__type__":"cc.Node","_name":"line","_parent":{"__id__":1},"_level":2,"_components":[{"__type__":"cc.Sprite","node":{"__id__":16},"_materials":[{"__uuid__":"ecpdLyjvZBwrvm+cedCcQy"}],"_spriteFrame":{"__uuid__":"88B8yzomtOCJ1xWlVu3Qrg"},"_sizeMode":0},{"__type__":"cc.Widget","node":{"__id__":16},"_alignFlags":44,"_left":5,"_right":5,"_originalWidth":21}],"_prefab":{"__type__":"cc.PrefabInfo","root":{"__id__":1},"asset":{"__uuid__":"3baM9CRC5BTIJuMi4rmGTI"},"fileId":"5c7/xE7/ZEuoNMcVW0vAWR"},"_contentSize":{"__type__":"cc.Size","width":740,"height":4},"_position":{"__type__":"cc.Vec3","y":-43}}],{"__type__":"cc.SpriteFrame","content":{"name":"my-rank","texture":"1c61bbff0","rect":[556,30,8,8],"offset":[0,0],"originalSize":[8,8],"capInsets":[2,2,2,2]}},{"__type__":"cc.SpriteFrame","content":{"name":"medal2","texture":"1c61bbff0","rect":[974,957,47,60],"offset":[0,0],"originalSize":[47,60],"capInsets":[0,0,0,0]}},{"__type__":"cc.SpriteFrame","content":{"name":"tab2","texture":"1c61bbff0","rect":[902,439,231,91],"offset":[0,-0.5],"originalSize":[231,92],"rotated":1,"capInsets":[0,0,0,0]}},{"__type__":"cc.SpriteFrame","content":{"name":"button-close","texture":"1c61bbff0","rect":[902,289,52,50],"offset":[0,0],"originalSize":[52,50],"capInsets":[0,0,0,0]}},{"__type__":"cc.SpriteFrame","content":{"name":"rank-bg1","texture":"1f944af48","rect":[3,3,520,614],"offset":[0,0],"originalSize":[520,614],"capInsets":[0,0,0,0]}},{"__type__":"cc.SpriteFrame","content":{"name":"singleColor","texture":"40AzQKgEpN+JTFJTVSp35y","rect":[0,0,2,2],"offset":[0,0],"originalSize":[2,2],"capInsets":[0,0,0,0]}},{"__type__":"cc.SpriteFrame","content":{"name":"line","texture":"1c61bbff0","rect":[556,3,21,4],"offset":[0.5,-0.5],"originalSize":[24,7],"rotated":1,"capInsets":[1,1,1,1]}},{"__type__":"cc.SpriteFrame","content":{"name":"rank-bg","texture":"1c61bbff0","rect":[3,3,547,744],"offset":[0,0],"originalSize":[547,744],"capInsets":[150,150,150,150]}},{"__type__":"cc.SpriteFrame","content":{"name":"medal3","texture":"1c61bbff0","rect":[902,70,47,60],"offset":[0,0],"originalSize":[47,60],"rotated":1,"capInsets":[0,0,0,0]}},[{"__type__":"cc.Prefab","_name":"rank","data":{"__id__":1}},{"__type__":"cc.Node","_name":"rank","_children":[{"__id__":2},{"__id__":3}],"_level":1,"_components":[{"__type__":"cc.Widget","node":{"__id__":1},"_alignFlags":45},{"__type__":"cc.Button","node":{"__id__":1}},{"__type__":"bb227h8ii1MBKxZMjPz6cBo","node":{"__id__":1},"itemPreb":{"__uuid__":"3baM9CRC5BTIJuMi4rmGTI"},"content":{"__id__":24},"friendToggle":{"__id__":14}}],"_prefab":{"__type__":"cc.PrefabInfo","root":{"__id__":1},"asset":{"__uuid__":"ceSFr2UbBK/4Pr+OKhiK9y"},"fileId":"1eWU60gZVPirr8kRlRslF6"},"_contentSize":{"__type__":"cc.Size","width":750,"height":1136},"_position":{"__type__":"cc.Vec3","x":375,"y":568}},{"__type__":"cc.Node","_name":"bg","_parent":{"__id__":1},"_level":3,"_components":[{"__type__":"cc.Sprite","node":{"__id__":2},"_materials":[{"__uuid__":"ecpdLyjvZBwrvm+cedCcQy"}],"_spriteFrame":{"__uuid__":"7akdFYBtNLJLEIqqdB/Uxa"},"_type":1,"_sizeMode":0},{"__type__":"cc.Widget","node":{"__id__":2},"_alignFlags":45,"_originalWidth":40,"_originalHeight":36}],"_prefab":{"__type__":"cc.PrefabInfo","root":{"__id__":1},"asset":{"__uuid__":"ceSFr2UbBK/4Pr+OKhiK9y"},"fileId":"d6R9iM23pIY7pPJfuaJOGN"},"_opacity":150,"_color":{"__type__":"cc.Color"},"_contentSize":{"__type__":"cc.Size","width":750,"height":1136}},{"__type__":"cc.Node","_name":"rank-bg","_parent":{"__id__":1},"_children":[{"__id__":4},{"__id__":7}],"_level":2,"_components":[{"__type__":"cc.Sprite","node":{"__id__":3},"_materials":[{"__uuid__":"ecpdLyjvZBwrvm+cedCcQy"}],"_spriteFrame":{"__uuid__":"b5HjhX2CpF9pqbd0q38Ozc"}}],"_prefab":{"__type__":"cc.PrefabInfo","root":{"__id__":1},"asset":{"__uuid__":"ceSFr2UbBK/4Pr+OKhiK9y"},"fileId":"82SOiEZf9PYovCHfrGq2b0"},"_contentSize":{"__type__":"cc.Size","width":547,"height":744}},{"__type__":"cc.Node","_name":"title-bg-purple","_parent":{"__id__":3},"_children":[{"__id__":5},{"__id__":6}],"_level":3,"_components":[{"__type__":"cc.Sprite","node":{"__id__":4},"_materials":[{"__uuid__":"ecpdLyjvZBwrvm+cedCcQy"}],"_spriteFrame":{"__uuid__":"20UHtAzwdCNLEXUcrwQb54"}},{"__type__":"cc.Widget","node":{"__id__":4},"_alignFlags":1,"_top":-31}],"_prefab":{"__type__":"cc.PrefabInfo","root":{"__id__":1},"asset":{"__uuid__":"ceSFr2UbBK/4Pr+OKhiK9y"},"fileId":"19lwcUvaNPNZIfOB7UCIxK"},"_contentSize":{"__type__":"cc.Size","width":488,"height":86},"_position":{"__type__":"cc.Vec3","y":360}},{"__type__":"cc.Node","_name":"rankings","_parent":{"__id__":4},"_level":4,"_components":[{"__type__":"cc.Label","node":{"__id__":5},"_materials":[{"__uuid__":"ecpdLyjvZBwrvm+cedCcQy"}],"_useOriginalSize":false,"_string":"label_text.rankings","_N$string":"label_text.rankings","_fontSize":50,"_N$horizontalAlign":1,"_N$verticalAlign":1},{"__type__":"cc.LabelOutline","node":{"__id__":5},"_color":{"__type__":"cc.Color"},"_width":2.9},{"__type__":"744dcs4DCdNprNhG0xwq6FK","node":{"__id__":5},"_dataID":"label_text.rankings"}],"_prefab":{"__type__":"cc.PrefabInfo","root":{"__id__":1},"asset":{"__uuid__":"ceSFr2UbBK/4Pr+OKhiK9y"},"fileId":"b56jDPa7BP17iEeO5u+4/6"},"_contentSize":{"__type__":"cc.Size","width":422.72,"height":56.199999999999996},"_position":{"__type__":"cc.Vec3","y":10}},{"__type__":"cc.Node","_name":"closeBtn","_parent":{"__id__":4},"_level":4,"_components":[{"__type__":"cc.Sprite","node":{"__id__":6},"_materials":[{"__uuid__":"ecpdLyjvZBwrvm+cedCcQy"}],"_spriteFrame":{"__uuid__":"68ire8649C3b1vz1OOchJG"},"_sizeMode":2},{"__type__":"cc.Button","node":{"__id__":6},"zoomScale":1.1,"clickEvents":[{"__type__":"cc.ClickEvent","target":{"__id__":1},"_componentId":"bb227h8ii1MBKxZMjPz6cBo","handler":"onClickCloseBtn"}],"_N$transition":3,"transition":3}],"_prefab":{"__type__":"cc.PrefabInfo","root":{"__id__":1},"asset":{"__uuid__":"ceSFr2UbBK/4Pr+OKhiK9y"},"fileId":"71v0bFfQpPxqUIJPu3pzES"},"_contentSize":{"__type__":"cc.Size","width":52,"height":50},"_position":{"__type__":"cc.Vec3","x":240.868,"y":-3.906}},{"__type__":"cc.Node","_name":"toggleGroup","_parent":{"__id__":3},"_children":[{"__id__":8},{"__id__":15},{"__id__":21}],"_level":3,"_components":[{"__type__":"cc.ToggleContainer","node":{"__id__":7}}],"_prefab":{"__type__":"cc.PrefabInfo","root":{"__id__":1},"asset":{"__uuid__":"ceSFr2UbBK/4Pr+OKhiK9y"},"fileId":"b30JV9U3JGX6TmJNoUSj7/"},"_contentSize":{"__type__":"cc.Size","width":462,"height":80},"_position":{"__type__":"cc.Vec3","y":269.626}},{"__type__":"cc.Node","_name":"toggle0","_parent":{"__id__":7},"_children":[{"__id__":9},{"__id__":11}],"_components":[{"__id__":14}],"_prefab":{"__type__":"cc.PrefabInfo","root":{"__id__":1},"asset":{"__uuid__":"ceSFr2UbBK/4Pr+OKhiK9y"},"fileId":"b1ZkG6n2VJsJyjv2ABXmZj"},"_contentSize":{"__type__":"cc.Size","width":231,"height":92},"_position":{"__type__":"cc.Vec3","x":-115}},{"__type__":"cc.Node","_name":"Background","_parent":{"__id__":8},"_children":[{"__id__":10}],"_components":[{"__type__":"cc.Sprite","node":{"__id__":9},"_materials":[{"__uuid__":"ecpdLyjvZBwrvm+cedCcQy"}],"_spriteFrame":{"__uuid__":"670dBfB0RMrp4Up82m9MWD"},"_sizeMode":2,"_isTrimmedMode":false}],"_prefab":{"__type__":"cc.PrefabInfo","root":{"__id__":1},"asset":{"__uuid__":"ceSFr2UbBK/4Pr+OKhiK9y"},"fileId":"61FVGKoLpF9rdfV2gwZaU5"},"_contentSize":{"__type__":"cc.Size","width":231,"height":92}},{"__type__":"cc.Node","_name":"lab","_parent":{"__id__":9},"_level":1,"_components":[{"__type__":"744dcs4DCdNprNhG0xwq6FK","node":{"__id__":10},"_dataID":"label_text.friendranking"},{"__type__":"cc.Label","node":{"__id__":10},"_materials":[{"__uuid__":"ecpdLyjvZBwrvm+cedCcQy"}],"_useOriginalSize":false,"_string":"label_text.friendranking","_N$string":"label_text.friendranking","_fontSize":30,"_N$horizontalAlign":1,"_N$verticalAlign":1,"_N$overflow":2},{"__type__":"cc.LabelOutline","node":{"__id__":10},"_color":{"__type__":"cc.Color"}}],"_prefab":{"__type__":"cc.PrefabInfo","root":{"__id__":1},"asset":{"__uuid__":"ceSFr2UbBK/4Pr+OKhiK9y"},"fileId":"483mxMymhAKqzNJoUi6/TQ"},"_color":{"__type__":"cc.Color","r":155,"g":117,"b":74},"_contentSize":{"__type__":"cc.Size","width":210,"height":52},"_position":{"__type__":"cc.Vec3","y":15}},{"__type__":"cc.Node","_name":"checkmark","_parent":{"__id__":8},"_children":[{"__id__":12}],"_active":false,"_components":[{"__id__":13}],"_prefab":{"__type__":"cc.PrefabInfo","root":{"__id__":1},"asset":{"__uuid__":"ceSFr2UbBK/4Pr+OKhiK9y"},"fileId":"57j82aCiZBgr5vRgAcRo9/"},"_contentSize":{"__type__":"cc.Size","width":231,"height":92}},{"__type__":"cc.Node","_name":"lab","_parent":{"__id__":11},"_level":1,"_components":[{"__type__":"cc.LabelOutline","node":{"__id__":12},"_color":{"__type__":"cc.Color"}},{"__type__":"744dcs4DCdNprNhG0xwq6FK","node":{"__id__":12},"_dataID":"label_text.friendranking"},{"__type__":"cc.Label","node":{"__id__":12},"_materials":[{"__uuid__":"ecpdLyjvZBwrvm+cedCcQy"}],"_useOriginalSize":false,"_string":"label_text.friendranking","_N$string":"label_text.friendranking","_fontSize":30,"_N$horizontalAlign":1,"_N$verticalAlign":1,"_N$overflow":2}],"_prefab":{"__type__":"cc.PrefabInfo","root":{"__id__":1},"asset":{"__uuid__":"ceSFr2UbBK/4Pr+OKhiK9y"},"fileId":"d0UAEnTYROTLwLlygpgY0f"},"_color":{"__type__":"cc.Color","r":207,"g":189,"b":164},"_contentSize":{"__type__":"cc.Size","width":210,"height":52},"_position":{"__type__":"cc.Vec3","y":15}},{"__type__":"cc.Sprite","node":{"__id__":11},"_materials":[{"__uuid__":"ecpdLyjvZBwrvm+cedCcQy"}],"_spriteFrame":{"__uuid__":"dczNjtW5tKdL5YQ2CJPvMU"},"_sizeMode":2,"_isTrimmedMode":false},{"__type__":"cc.Toggle","node":{"__id__":8},"zoomScale":1.05,"_N$transition":3,"transition":3,"_N$normalColor":{"__type__":"cc.Color","r":214,"g":214,"b":214},"_N$target":{"__id__":8},"_N$isChecked":false,"checkMark":{"__id__":13},"checkEvents":[{"__type__":"cc.ClickEvent","target":{"__id__":1},"_componentId":"bb227h8ii1MBKxZMjPz6cBo","handler":"onClickToggleBtn","customEventData":"0"}]},{"__type__":"cc.Node","_name":"toggle1","_parent":{"__id__":7},"_children":[{"__id__":16},{"__id__":18}],"_level":4,"_components":[{"__type__":"cc.Toggle","node":{"__id__":15},"zoomScale":1.05,"_N$transition":3,"transition":3,"_N$normalColor":{"__type__":"cc.Color","r":214,"g":214,"b":214},"_N$target":{"__id__":15},"checkMark":{"__id__":20},"checkEvents":[{"__type__":"cc.ClickEvent","target":{"__id__":1},"_componentId":"bb227h8ii1MBKxZMjPz6cBo","handler":"onClickToggleBtn","customEventData":"1"}]}],"_prefab":{"__type__":"cc.PrefabInfo","root":{"__id__":1},"asset":{"__uuid__":"ceSFr2UbBK/4Pr+OKhiK9y"},"fileId":"628U6xZoFBzpzlao3SvVzz"},"_contentSize":{"__type__":"cc.Size","width":231,"height":92},"_position":{"__type__":"cc.Vec3","x":115}},{"__type__":"cc.Node","_name":"Background","_parent":{"__id__":15},"_children":[{"__id__":17}],"_components":[{"__type__":"cc.Sprite","node":{"__id__":16},"_materials":[{"__uuid__":"ecpdLyjvZBwrvm+cedCcQy"}],"_spriteFrame":{"__uuid__":"670dBfB0RMrp4Up82m9MWD"},"_sizeMode":2,"_isTrimmedMode":false}],"_prefab":{"__type__":"cc.PrefabInfo","root":{"__id__":1},"asset":{"__uuid__":"ceSFr2UbBK/4Pr+OKhiK9y"},"fileId":"00uWBn07ZGmJVXx2BaOzU0"},"_contentSize":{"__type__":"cc.Size","width":231,"height":92}},{"__type__":"cc.Node","_name":"lab","_parent":{"__id__":16},"_level":1,"_components":[{"__type__":"cc.LabelOutline","node":{"__id__":17},"_color":{"__type__":"cc.Color"}},{"__type__":"744dcs4DCdNprNhG0xwq6FK","node":{"__id__":17},"_dataID":"label_text.weeklyranking"},{"__type__":"cc.Label","node":{"__id__":17},"_materials":[{"__uuid__":"ecpdLyjvZBwrvm+cedCcQy"}],"_useOriginalSize":false,"_string":"label_text.weeklyranking","_N$string":"label_text.weeklyranking","_fontSize":30,"_N$horizontalAlign":1,"_N$verticalAlign":1,"_N$overflow":2}],"_prefab":{"__type__":"cc.PrefabInfo","root":{"__id__":1},"asset":{"__uuid__":"ceSFr2UbBK/4Pr+OKhiK9y"},"fileId":"7dhs0gK05OqKsjEBXAveDc"},"_color":{"__type__":"cc.Color","r":155,"g":117,"b":74},"_contentSize":{"__type__":"cc.Size","width":210,"height":52},"_position":{"__type__":"cc.Vec3","y":15}},{"__type__":"cc.Node","_name":"checkmark","_parent":{"__id__":15},"_children":[{"__id__":19}],"_components":[{"__id__":20}],"_prefab":{"__type__":"cc.PrefabInfo","root":{"__id__":1},"asset":{"__uuid__":"ceSFr2UbBK/4Pr+OKhiK9y"},"fileId":"851B4CrapNG63bIo9TV9Dl"},"_contentSize":{"__type__":"cc.Size","width":231,"height":92}},{"__type__":"cc.Node","_name":"lab","_parent":{"__id__":18},"_level":1,"_components":[{"__type__":"cc.LabelOutline","node":{"__id__":19},"_color":{"__type__":"cc.Color"}},{"__type__":"744dcs4DCdNprNhG0xwq6FK","node":{"__id__":19},"_dataID":"label_text.weeklyranking"},{"__type__":"cc.Label","node":{"__id__":19},"_materials":[{"__uuid__":"ecpdLyjvZBwrvm+cedCcQy"}],"_useOriginalSize":false,"_string":"label_text.weeklyranking","_N$string":"label_text.weeklyranking","_fontSize":30,"_N$horizontalAlign":1,"_N$verticalAlign":1,"_N$overflow":2}],"_prefab":{"__type__":"cc.PrefabInfo","root":{"__id__":1},"asset":{"__uuid__":"ceSFr2UbBK/4Pr+OKhiK9y"},"fileId":"10hnsAyBdA/reAp8NTYVky"},"_color":{"__type__":"cc.Color","r":207,"g":189,"b":164},"_contentSize":{"__type__":"cc.Size","width":210,"height":52},"_position":{"__type__":"cc.Vec3","y":15}},{"__type__":"cc.Sprite","node":{"__id__":18},"_materials":[{"__uuid__":"ecpdLyjvZBwrvm+cedCcQy"}],"_spriteFrame":{"__uuid__":"dczNjtW5tKdL5YQ2CJPvMU"},"_sizeMode":2,"_isTrimmedMode":false},{"__type__":"cc.Node","_name":"rank-bg1","_parent":{"__id__":7},"_children":[{"__id__":22}],"_level":4,"_components":[{"__type__":"cc.Sprite","node":{"__id__":21},"_materials":[{"__uuid__":"ecpdLyjvZBwrvm+cedCcQy"}],"_spriteFrame":{"__uuid__":"786RnsI1FKpbwA/hoQW6GO"}}],"_prefab":{"__type__":"cc.PrefabInfo","root":{"__id__":1},"asset":{"__uuid__":"ceSFr2UbBK/4Pr+OKhiK9y"},"fileId":"05vxLoI7pOgqY78eqB5yTw"},"_contentSize":{"__type__":"cc.Size","width":520,"height":614},"_position":{"__type__":"cc.Vec3","y":-319.626}},{"__type__":"cc.Node","_name":"scrollView","_parent":{"__id__":21},"_children":[{"__id__":23}],"_level":4,"_components":[{"__type__":"cc.ScrollView","node":{"__id__":22},"horizontal":false,"brake":0.75,"bounceDuration":0.23,"_N$content":{"__id__":24},"content":{"__id__":24},"_N$horizontalScrollBar":null,"_N$verticalScrollBar":null},{"__type__":"cc.Widget","node":{"__id__":22},"_alignFlags":40,"_left":10,"_right":10,"_originalWidth":700}],"_prefab":{"__type__":"cc.PrefabInfo","root":{"__id__":1},"asset":{"__uuid__":"ceSFr2UbBK/4Pr+OKhiK9y"},"fileId":"0dzbuP8ylN+aKZAifqr4mv"},"_contentSize":{"__type__":"cc.Size","width":500,"height":590},"_anchorPoint":{"__type__":"cc.Vec2","x":0.5,"y":1},"_position":{"__type__":"cc.Vec3","y":288.498}},{"__type__":"cc.Node","_name":"view","_parent":{"__id__":22},"_children":[{"__id__":24}],"_components":[{"__type__":"cc.Mask","node":{"__id__":23},"_materials":[{"__uuid__":"ecpdLyjvZBwrvm+cedCcQy"}]},{"__type__":"cc.Widget","node":{"__id__":23},"_alignFlags":40,"_originalWidth":240}],"_prefab":{"__type__":"cc.PrefabInfo","root":{"__id__":1},"asset":{"__uuid__":"ceSFr2UbBK/4Pr+OKhiK9y"},"fileId":"d4ru6ZkXxG37ALNU02H1i4"},"_contentSize":{"__type__":"cc.Size","width":500,"height":590},"_anchorPoint":{"__type__":"cc.Vec2","x":0.5,"y":1}},{"__type__":"cc.Node","_name":"content","_parent":{"__id__":23},"_components":[{"__type__":"cc.Layout","node":{"__id__":24},"_layoutSize":{"__type__":"cc.Size","width":500},"_resize":1,"_N$layoutType":2},{"__type__":"cc.Widget","node":{"__id__":24},"_alignFlags":40,"_originalWidth":220}],"_prefab":{"__type__":"cc.PrefabInfo","root":{"__id__":1},"asset":{"__uuid__":"ceSFr2UbBK/4Pr+OKhiK9y"},"fileId":"65mKdfJshBUpgs+7e3LF5s"},"_contentSize":{"__type__":"cc.Size","width":500},"_anchorPoint":{"__type__":"cc.Vec2","x":0.5,"y":1}}],{"__type__":"cc.SpriteFrame","content":{"name":"medal1","texture":"1c61bbff0","rect":[902,123,47,60],"offset":[0,0],"originalSize":[47,60],"rotated":1,"capInsets":[0,0,0,0]}},{"__type__":"cc.SpriteFrame","content":{"name":"tab1","texture":"1c61bbff0","rect":[876,766,231,92],"offset":[0,0],"originalSize":[231,92],"rotated":1,"capInsets":[0,0,0,0]}}]