[{"__type__":"cc.SpriteFrame","content":{"name":"black","texture":"1c61bbff0","rect":[902,3,61,61],"offset":[0,0],"originalSize":[61,61],"capInsets":[0,0,0,0]}},[{"__type__":"cc.Prefab","_name":"promptUI","data":{"__id__":1}},{"__type__":"cc.Node","_name":"promptUI","_children":[{"__id__":2},{"__id__":3}],"_level":1,"_components":[{"__type__":"397e3f5uUFJO5P8TyQdbRDB","node":{"__id__":1},"desLbl":{"__id__":7},"coinNode":{"__id__":4},"gemNode":{"__id__":5}},{"__type__":"cc.Widget","node":{"__id__":1},"_alignFlags":44,"_bottom":548,"_originalWidth":900}],"_prefab":{"__type__":"cc.PrefabInfo","root":{"__id__":1},"asset":{"__uuid__":"2dwjXCfu5MyKwRiq2ErqUg"},"fileId":"ddjL/NZbRNFaT1lVHoCN1F"},"_contentSize":{"__type__":"cc.Size","width":750,"height":40},"_position":{"__type__":"cc.Vec3","x":375,"y":568}},{"__type__":"cc.Node","_name":"Bg","_parent":{"__id__":1},"_level":4,"_components":[{"__type__":"cc.Sprite","node":{"__id__":2},"_materials":[{"__uuid__":"ecpdLyjvZBwrvm+cedCcQy"}],"_spriteFrame":{"__uuid__":"2c/tvlan1Ne6B+AOnYozuX"},"_sizeMode":0},{"__type__":"cc.Layout","node":{"__id__":2},"_layoutSize":{"__type__":"cc.Size","width":900,"height":120},"_resize":1,"_N$layoutType":2}],"_prefab":{"__type__":"cc.PrefabInfo","root":{"__id__":1},"asset":{"__uuid__":"2dwjXCfu5MyKwRiq2ErqUg"},"fileId":"91UuM65kJJo5f8RSVyDV1w"},"_contentSize":{"__type__":"cc.Size","width":900,"height":120}},{"__type__":"cc.Node","_name":"New Node","_parent":{"__id__":1},"_children":[{"__id__":4},{"__id__":5},{"__id__":6}],"_level":2,"_components":[{"__type__":"cc.Layout","node":{"__id__":3},"_layoutSize":{"__type__":"cc.Size","width":650,"height":40},"_resize":1,"_N$layoutType":1}],"_prefab":{"__type__":"cc.PrefabInfo","root":{"__id__":1},"asset":{"__uuid__":"2dwjXCfu5MyKwRiq2ErqUg"},"fileId":"ffTZk3/ZlDiY+A9l7Y200Z"},"_contentSize":{"__type__":"cc.Size","width":650,"height":40}},{"__type__":"cc.Node","_name":"coins","_parent":{"__id__":3},"_active":false,"_level":3,"_components":[{"__type__":"cc.Sprite","node":{"__id__":4},"_materials":[{"__uuid__":"ecpdLyjvZBwrvm+cedCcQy"}],"_sizeMode":0}],"_prefab":{"__type__":"cc.PrefabInfo","root":{"__id__":1},"asset":{"__uuid__":"2dwjXCfu5MyKwRiq2ErqUg"},"fileId":"88OE+/smpKR4zDjkEhmJU+"},"_contentSize":{"__type__":"cc.Size","width":31.5,"height":27},"_position":{"__type__":"cc.Vec3","x":-366.5}},{"__type__":"cc.Node","_name":"gems","_parent":{"__id__":3},"_active":false,"_level":3,"_components":[{"__type__":"cc.Sprite","node":{"__id__":5},"_materials":[{"__uuid__":"ecpdLyjvZBwrvm+cedCcQy"}],"_sizeMode":0}],"_prefab":{"__type__":"cc.PrefabInfo","root":{"__id__":1},"asset":{"__uuid__":"2dwjXCfu5MyKwRiq2ErqUg"},"fileId":"aaShbmfq9EboCH+pal/rTW"},"_contentSize":{"__type__":"cc.Size","width":33,"height":24},"_position":{"__type__":"cc.Vec3","x":-334.25}},{"__type__":"cc.Node","_name":"Text","_parent":{"__id__":3},"_level":3,"_components":[{"__id__":7},{"__type__":"cc.LabelOutline","node":{"__id__":6},"_color":{"__type__":"cc.Color"}}],"_prefab":{"__type__":"cc.PrefabInfo","root":{"__id__":1},"asset":{"__uuid__":"2dwjXCfu5MyKwRiq2ErqUg"},"fileId":"b7KI3mUmlN3rtJJjzNUwUj"},"_contentSize":{"__type__":"cc.Size","width":650,"height":39.8}},{"__type__":"cc.Label","node":{"__id__":6},"_materials":[{"__uuid__":"ecpdLyjvZBwrvm+cedCcQy"}],"_useOriginalSize":false,"_fontSize":28,"_lineHeight":30,"_enableWrapText":false,"_N$horizontalAlign":1,"_N$verticalAlign":1,"_N$overflow":3}]]