{"paths":{},"types":[],"uuids":["12a057b05","15052ea91","35GFEbmh1BlLcrW9d1xPPx","61cyPdEfRN047sDK9rO0W5","998zGvLTVPSYodAbuoehtS","b4U4W3fhtCuaMYxTTrdT3x","d608qFRoFHwbXd0Dap056i","ddbPO9jx9NR4JfnKkh0UCw","09e8Ogey5JwJ+NOD+sH5f1","0aSUGXo41O8Yi8TudJZ278","29FYIk+N1GYaeWH/q1NxQO","3dAT5ZqM1C0aAM6x4ww0H/","3ffb0RBJZO95zo+gK6QBFW","57W5BYD+VMmLzCxItssOmy","5cO7kybDxGj4ipyMYdRYZB","5f5dyqtRNNxaFmVzYns6FZ","679pY9Y7RGnZXoFKX+nwKc","6dAFrnzA5ArKDXwyztPfUl","7eXaA6q7dN1aDi65WRhALR","85Vgy1XitJDol0Ga+GdwU/","88s0zUWL1Gi7PlpY3v+uNP","8dfYa+sYhBzqnXKo2zcff/","9cb6azZxRNRIg0BCxxGvvT","9elZmWDh9KNIHgrqobLntL","a6htWgWjFF9rDG34OIfkdS","b3i2naXoZBZoqthxH1Y9Ce","bftiQmJs1DroZypmhqcWQu","d1ayw+YERES6gjIudh1OwJ","d1tSKQsVBFK5Ryw5BjYSDJ","e7DqQwUCpI2Y5Ua/sJ1jwg","e97GVMl6JHh5Ml5qEDdSGa","ebXJLZsxdB+KPZlciaFJ3y","ecpdLyjvZBwrvm+cedCcQy","edLIO5FtxJEpPgQZ9lbyU8","f0BIwQ8D5Ml7nTNQbh1YlS","f1xH6W1mdGTZaN282Vvzq3","f6rY9ewKJLxoSwh8niT1kd","f7zhlgLQhOer7IlgAphxqb","fcaxa0D+VMe4NyC8wGNGye","ffnLFKnvtCn4nV/T6uOK3+"],"scenes":{"db://assets/scenes/MainScene.fire":2},"redirect":[9,0,10,0,13,0,18,0,21,0,23,0,27,0,30,0,32,1,34,0,38,0,39,0],"deps":["resources","internal"],"packs":{"01f89f0b0":[8,2,11,12,14,15,16,17,19,20,4,22,24,25,26,28,29,31,33,35,36,37],"04fa2fcb6":[0,1,3,5,6,7]},"name":"main","importBase":"import","nativeBase":"native","debug":false,"isZip":false,"encrypted":false,"versions":{"import":["01f89f0b0","ddb99","04fa2fcb6","668e4"],"native":[0,"0e35a",1,"4c99e",3,"6d707",4,"97f74",5,"593bd",6,"d55c2",7,"7639b"]}}