[1,["ecpdLyjvZBwrvm+cedCcQy","173d75890","afwkQqFttCr5hDOLFQiEhV","8dfYa+sYhBzqnXKo2zcff/","062yTnP1ZFp4YBN84nLyIP","7akdFYBtNLJLEIqqdB/Uxa","147A+kisRKibh8DkXu5NKH","d1ayw+YERES6gjIudh1OwJ","57W5BYD+VMmLzCxItssOmy","35+Hk9DypMAJpPzKIfZXft","36wxRNHn1GHYSlzBfw2nIC","9elZmWDh9KNIHgrqobLntL","c9aunujphCFaQZkGqOXmwL"],["node","_spriteFrame","_textureSetter","spriteFrame","root","soundToggle","restartBtn","content","scoreLab","highestLab","data","_parent","_N$file"],[["cc.Node",["_name","_groupIndex","_opacity","_components","_prefab","_contentSize","_parent","_children","_trs","_anchorPoint","_color"],0,9,4,5,1,2,7,5,5],"cc.SpriteFrame",["cc.Widget",["_alignFlags","_originalWidth","_left","_right","_top","_bottom","_originalHeight","node"],-4,1],["cc.Sprite",["_sizeMode","_type","_isTrimmedMode","node","_materials","_spriteFrame"],0,1,3,6],["cc.Node",["_name","_parent","_components","_prefab","_contentSize","_children","_trs"],2,1,2,4,5,2,7],["cc.Button",["zoomScale","_N$transition","node","clickEvents"],1,1,9],["cc.PrefabInfo",["fileId","root"],2,1],["cc.Layout",["_resize","_N$layoutType","_N$spacingX","node","_layoutSize"],0,1,5],["cc.Label",["_lineHeight","_N$horizontalAlign","_N$verticalAlign","_string","_fontSize","_isSystemFontUsed","node","_materials"],-3,1,3],["cc.Prefab",["_name"],2],["cc.Node",["_name","_parent","_children","_components","_prefab","_contentSize","_trs"],2,1,2,12,4,5,7],["6c4dfRtQypNFpkmKr4xbWmC",["node","highestLab","scoreLab","content","restartBtn","soundToggle"],3,1,1,1,1,1,1],["cc.ScrollView",["horizontal","brake","bounceDuration","_N$horizontalScrollBar","_N$verticalScrollBar","node","_N$content"],-2,1,1],["cc.Mask",["_N$alphaThreshold","node","_materials"],2,1,3],["cc.ClickEvent",["_componentId","handler","target"],1,1],["f34ac2GGiVOBbG6XlfvgYP4",["node","spriteFrameSet"],3,1,9],["SpriteFrameSet",["language","spriteFrame"],2,6],["cc.Toggle",["zoomScale","_N$transition","node","_N$normalColor","_N$target","checkMark","checkEvents"],1,1,5,1,1,9]],[[6,0,1,2],[0,0,6,3,4,5,8,2],[3,3,4,5,1],[14,0,1,2,3],[0,0,1,6,7,3,4,5,9,8,3],[4,0,1,2,3,4,6,2],[2,0,1,7,3],[5,0,1,2,3,3],[3,0,3,4,5,2],[16,0,1,2],[9,0,2],[0,0,7,3,4,5,8,2],[0,0,3,4,5,9,2],[0,0,1,6,7,3,4,5,8,3],[0,0,6,7,3,4,5,8,2],[0,0,6,7,3,4,5,9,2],[0,0,2,1,6,3,4,10,5,4],[0,0,1,6,3,4,5,3],[10,0,1,2,3,4,5,6,2],[4,0,1,5,2,3,4,2],[2,0,7,2],[2,0,2,3,4,5,7,6],[2,0,5,7,3],[2,0,4,1,7,4],[2,0,2,3,1,7,5],[2,0,1,6,7,4],[5,2,1],[11,0,1,2,3,4,5,1],[6,1,1],[7,0,1,3,4,3],[7,0,1,2,3,4,4],[3,1,0,2,3,4,5,4],[3,1,0,3,4,5,3],[3,1,0,2,3,4,4],[12,0,1,2,3,4,5,6,6],[13,0,1,2,2],[15,0,1,1],[17,0,1,2,3,4,5,6,3],[8,0,1,2,6,7,4],[8,3,4,0,5,1,2,6,7,7]],[[[{"name":"gameover","rect":[0,0,429,195],"offset":[0,0],"originalSize":[429,195],"capInsets":[0,0,0,0]}],[1],0,[0],[2],[4]],[[{"name":"button-home","rect":[70,536,52,50],"offset":[0,0],"originalSize":[52,50],"rotated":1,"capInsets":[0,0,0,0]}],[1],0,[0],[2],[1]],[[{"name":"button-restart","rect":[141,413,108,108],"offset":[0,0],"originalSize":[108,108],"capInsets":[0,0,0,0]}],[1],0,[0],[2],[1]],[[{"name":"no-sound1","rect":[112,594,28,21],"offset":[-1,0],"originalSize":[30,21],"rotated":1,"capInsets":[0,0,0,0]}],[1],0,[0],[2],[1]],[[[10,"result"],[11,"result",[-10,-11,-12,-13,-14,-15],[[20,45,-2],[26,-3],[27,-9,-8,-7,-6,-5,-4]],[28,-1],[5,750,1136],[375,568,0,0,0,0,1,1,1,1]],[18,"musicToggle",1,[-18,-19],[[[21,1,33,25,26.75,1001,-16],-17],4,1],[0,"66z1AKztRMcYFalktsdyQg",1],[5,105,105],[323.75,515,0,0,0,0,1,0.5,0.5,1]],[12,"content",[[29,1,2,-20,[5,730,0]],[6,40,220,-21]],[0,"5cN9c3bPJIq4GXXcTrkU+q",1],[5,730,0],[0,0.5,1]],[13,"bot",2,1,[-24,-25],[[22,4,67.99999999999994,-22],[30,1,1,150,-23,[5,450,200]]],[0,"a5x68xW4ZCZZiFghEr3Ti+",1],[5,450,200],[0,-400.00000000000006,0,0,0,0,1,1,1,1]],[14,"Background",2,[-27],[[31,1,0,false,-26,[8],9]],[0,"6fiotdZxlNPYzJrm/yQa9W",1],[5,104,104],[0,0,0,0,0,0,1,1,1,0]],[4,"top",1,1,[-29,-30],[[23,41,140.68800000000005,1074.3,-28]],[0,"60e5TrrztFjq2o6Zpo3fAs",1],[5,750,341.4],[0,0.5,0.92],[0,400,0,0,0,0,1,1,1,1]],[4,"scrollView",1,1,[-33],[[34,false,0.75,0.23,null,null,-31,3],[24,40,10,10,700,-32]],[0,"b0kNvoMgZAUq9c03qpwpCQ",1],[5,730,490],[0,0.5,1],[0,225,0,0,0,0,1,1,1,1]],[15,"view",7,[3],[[35,0,-34,[15]],[6,40,240,-35]],[0,"0dA7v3l1FFFYql1MI/4yz6",1],[5,730,490],[0,0.5,1]],[1,"button-restart",4,[[7,1.1,3,-36,[[3,"6c4dfRtQypNFpkmKr4xbWmC","onClickRePlayBtn",1]]],[8,0,-37,[18],19]],[0,"7cNZp/bZ5BkIXjCDxNCeoI",1],[5,150,150],[150,0,0,0,0,0,1,1,1,0]],[16,"bg",150,1,1,[[32,1,0,-38,[0],1],[25,45,40,36,-39]],[0,"d9pHDzUG1IlbEeBx4Z/By4",1],[4,4278190080],[5,750,1136]],[17,"game-over",2,1,[[2,-40,[2],3],[36,-41,[[9,"en",4],[9,"jp",5]]]],[0,"5f50Hhzq1HwZ4NN/hK4aC3",1],[5,711,493]],[19,"checkmark",2,[-43],[-42],[0,"88H0sFUmRK+7Q2WkXMMDyv",1],[5,104,104]],[1,"button-home",4,[[8,0,-44,[16],17],[7,1.1,3,-45,[[3,"6c4dfRtQypNFpkmKr4xbWmC","onClickHomeBtn",1]]]],[0,"c4SPntN75FkKxpZakeFNOh",1],[5,150,150],[-150,0,0,0,0,0,1,1,1,0]],[1,"sound",5,[[2,-46,[6],7]],[0,"18UEzPertJkIkPTiTRKW2o",1],[5,28,21],[0,0,0,0,0,0,1,2,2,1]],[1,"icon",12,[[2,-47,[10],11]],[0,"4et9QcCshDX54q2z/dbsx2",1],[5,28,21],[0,0,0,0,0,0,1,2,2,2]],[33,1,0,false,12,[12]],[37,1.1,3,2,[4,4292269782],5,16,[[3,"6c4dfRtQypNFpkmKr4xbWmC","onClickSoundToggle",1]]],[5,"highestLab",6,[-48],[0,"510bA6rNhP2pv1oASnmGy9",1],[5,0,63],[0,-29.188000000000017,0,0,0,0,1,1,1,1]],[38,50,1,1,18,[13]],[5,"scoreLab",6,[-49],[0,"f2LbWqusNOiIwNxX31DGo/",1],[5,210,90],[0,-142.38800000000003,0,0,0,0,1,1,1,1]],[39,"999",100,90,false,1,1,20,[14]]],0,[0,4,1,0,0,1,0,0,1,0,5,17,0,6,9,0,7,3,0,8,21,0,9,19,0,0,1,0,-1,10,0,-2,11,0,-3,2,0,-4,6,0,-5,7,0,-6,4,0,0,2,0,-2,17,0,-1,5,0,-2,12,0,0,3,0,0,3,0,0,4,0,0,4,0,-1,13,0,-2,9,0,0,5,0,-1,14,0,0,6,0,-1,18,0,-2,20,0,0,7,0,0,7,0,-1,8,0,0,8,0,0,8,0,0,9,0,0,9,0,0,10,0,0,10,0,0,11,0,0,11,0,-1,16,0,-1,15,0,0,13,0,0,13,0,0,14,0,0,15,0,-1,19,0,-1,21,0,10,1,3,11,8,49],[0,0,0,0,0,0,0,0,0,0,0,0,0,0,0,0,0,0,0,0,16,21],[-1,1,-1,1,3,3,-1,1,-1,1,-1,1,-1,-1,-1,-1,-1,1,-1,1,1,12],[0,5,0,2,2,6,0,7,0,3,0,8,0,0,0,0,0,9,0,10,3,11]],[[{"name":"button-yellow","rect":[3,3,408,108],"offset":[2,-0.5],"originalSize":[412,115],"rotated":1,"capInsets":[40,40,40,40]}],[1],0,[0],[2],[1]],[[{"name":"gameover","rect":[0,0,711,493],"offset":[0,0],"originalSize":[711,493],"capInsets":[0,0,0,0]}],[1],0,[0],[2],[12]],[[{"name":"sound","rect":[3,603,28,21],"offset":[-1,0],"originalSize":[30,21],"capInsets":[0,0,0,0]}],[1],0,[0],[2],[1]]]]