[{"__type__":"cc.SpriteFrame","content":{"name":"black","texture":"1c61bbff0","rect":[902,3,61,61],"offset":[0,0],"originalSize":[61,61],"capInsets":[0,0,0,0]}},[{"__type__":"cc.Prefab","_name":"playerHead","data":{"__id__":1}},{"__type__":"cc.Node","_name":"playerHead","_children":[{"__id__":2}],"_level":1,"_components":[{"__id__":4},{"__type__":"8cd8aF2QfNMaJmIhlYoTVXG","node":{"__id__":1},"photo":{"__id__":4},"nickName":{"__id__":3}}],"_prefab":{"__type__":"cc.PrefabInfo","root":{"__id__":1},"asset":{"__uuid__":"9dNo9m03lGKotaHShS1/S1"},"fileId":"898D9nR9ZJE4d3v57ibI7X"},"_contentSize":{"__type__":"cc.Size","width":280,"height":280}},{"__type__":"cc.Node","_name":"nickName","_parent":{"__id__":1},"_level":4,"_components":[{"__id__":3}],"_prefab":{"__type__":"cc.PrefabInfo","root":{"__id__":1},"asset":{"__uuid__":"9dNo9m03lGKotaHShS1/S1"},"fileId":"d4emUL9wFJ4L7yywnbr9/C"},"_contentSize":{"__type__":"cc.Size","width":350,"height":100},"_position":{"__type__":"cc.Vec3","y":-190}},{"__type__":"cc.Label","node":{"__id__":2},"_materials":[{"__uuid__":"ecpdLyjvZBwrvm+cedCcQy"}],"_useOriginalSize":false,"_string":"Player","_N$string":"Player","_fontSize":60,"_lineHeight":60,"_N$file":{"__uuid__":"9elZmWDh9KNIHgrqobLntL"},"_isSystemFontUsed":false,"_N$horizontalAlign":1,"_N$overflow":2},{"__type__":"cc.Sprite","node":{"__id__":1},"_materials":[{"__uuid__":"ecpdLyjvZBwrvm+cedCcQy"}],"_spriteFrame":{"__uuid__":"2c/tvlan1Ne6B+AOnYozuX"},"_sizeMode":0}],{"__type__":"cc.SpriteFrame","content":{"name":"Play_With_Friends","texture":"64FGrhBzBEY7A+wjvcFL0N","rect":[0,0,1124,588],"offset":[0,0],"originalSize":[1124,588],"capInsets":[0,0,0,0]}},[{"__type__":"cc.Prefab","_name":"playwithfriend","data":{"__id__":1}},{"__type__":"cc.Node","_name":"playwithfriend","_children":[{"__id__":2},{"__id__":3}],"_level":1,"_components":[{"__type__":"cc.Sprite","node":{"__id__":1},"_materials":[{"__uuid__":"ecpdLyjvZBwrvm+cedCcQy"}],"_spriteFrame":{"__uuid__":"b8/qHpotlMg6Ax38h2w89H"},"_sizeMode":0},{"__type__":"c2bdb3h2Z5LtIQtStyL6kuJ","node":{"__id__":1},"targetNode":{"__id__":1}},{"__type__":"bf3e4l2291AApl0q9RAyc5j","node":{"__id__":1},"targetNode":{"__id__":1},"playerHeadPreb":{"__uuid__":"9dNo9m03lGKotaHShS1/S1"},"playerList":[{"__id__":2},{"__id__":3}]},{"__type__":"cc.Button","node":{"__id__":1},"clickEvents":[{"__type__":"cc.ClickEvent","target":{"__id__":1},"_componentId":"bf3e4l2291AApl0q9RAyc5j","handler":"close"}],"_N$transition":3,"transition":3},{"__type__":"cc.Widget","node":{"__id__":1},"_alignFlags":45,"_left":-202,"_right":-172,"_top":274,"_bottom":274,"_originalWidth":1124,"_originalHeight":588}],"_prefab":{"__type__":"cc.PrefabInfo","root":{"__id__":1},"asset":{"__uuid__":"ec1AwHfB9HeL3d3EAj0qbL"},"fileId":"c9kAo8hwpMSai4RnTZk80O"},"_contentSize":{"__type__":"cc.Size","width":1124,"height":588},"_position":{"__type__":"cc.Vec3","x":360,"y":568}},{"__type__":"cc.Node","_name":"playerNode","_parent":{"__id__":1},"_level":3,"_components":[{"__type__":"cc.Widget","node":{"__id__":2},"_alignFlags":32,"_right":197}],"_prefab":{"__type__":"cc.PrefabInfo","root":{"__id__":1},"asset":{"__uuid__":"ec1AwHfB9HeL3d3EAj0qbL"},"fileId":"a5lH//1u9BIY5tTQvXeUMp"},"_position":{"__type__":"cc.Vec3","x":365}},{"__type__":"cc.Node","_name":"playerNode","_parent":{"__id__":1},"_level":3,"_components":[{"__type__":"cc.Widget","node":{"__id__":3},"_alignFlags":8,"_left":197}],"_prefab":{"__type__":"cc.PrefabInfo","root":{"__id__":1},"asset":{"__uuid__":"ec1AwHfB9HeL3d3EAj0qbL"},"fileId":"fee/LswZ5CIY3re4LJnYmp"},"_position":{"__type__":"cc.Vec3","x":-365}}]]