[{"__type__":"cc.SpriteFrame","content":{"name":"close ","texture":"1f944af48","rect":[443,914,78,75],"offset":[0,0],"originalSize":[78,75],"capInsets":[0,0,0,0]}},{"__type__":"cc.SpriteFrame","content":{"name":"default_btn_disabled","texture":"71VhFCTINJM6/Ky3oX9nBT","rect":[0,0,40,40],"offset":[0,0],"originalSize":[40,40],"capInsets":[12,12,12,12]}},{"__type__":"cc.SpriteFrame","content":{"name":"combobox_bg","texture":"1c61bbff0","rect":[974,3,430,43],"offset":[0,0],"originalSize":[430,43],"rotated":1,"capInsets":[0,0,0,0]}},{"__type__":"cc.SpriteFrame","content":{"name":"default_scrollbar_vertical","texture":"d608qFRoFHwbXd0Dap056i","rect":[0,0,15,30],"offset":[0,0],"originalSize":[15,30],"capInsets":[4,10,4,10]}},{"__type__":"cc.SpriteFrame","content":{"name":"default_scrollbar_vertical_bg","texture":"61cyPdEfRN047sDK9rO0W5","rect":[0,0,15,30],"offset":[0,0],"originalSize":[15,30],"capInsets":[4,10,4,10]}},[{"__type__":"cc.Prefab","_name":"setting","data":{"__id__":1}},{"__type__":"cc.Node","_name":"setting","_children":[{"__id__":2},{"__id__":3}],"_level":1,"_components":[{"__type__":"cc.Widget","node":{"__id__":1},"_alignFlags":45},{"__type__":"48c0736ZhlCuZtMHOxwvpsl","node":{"__id__":1},"musicToggle":{"__id__":17},"effectToggle":{"__id__":28},"versionLab":{"__id__":46},"resetBtn":{"__id__":43}}],"_prefab":{"__type__":"cc.PrefabInfo","root":{"__id__":1},"asset":{"__uuid__":"6b3NmcX2lM8LO7LqHoLJ1i"},"fileId":"e4nmmi4zpFo53nQHDIMxAa"},"_contentSize":{"__type__":"cc.Size","width":750,"height":1136},"_position":{"__type__":"cc.Vec3","x":375,"y":568}},{"__type__":"cc.Node","_name":"bg","_parent":{"__id__":1},"_level":2,"_components":[{"__type__":"cc.Sprite","node":{"__id__":2},"_materials":[{"__uuid__":"ecpdLyjvZBwrvm+cedCcQy"}],"_spriteFrame":{"__uuid__":"7akdFYBtNLJLEIqqdB/Uxa"},"_type":1,"_sizeMode":0},{"__type__":"cc.Widget","node":{"__id__":2},"_alignFlags":45,"_originalWidth":2,"_originalHeight":2},{"__type__":"cc.Button","node":{"__id__":2}}],"_prefab":{"__type__":"cc.PrefabInfo","root":{"__id__":1},"asset":{"__uuid__":"6b3NmcX2lM8LO7LqHoLJ1i"},"fileId":"b5Ie6W3s9GnpH1I8HCA2As"},"_opacity":100,"_color":{"__type__":"cc.Color"},"_contentSize":{"__type__":"cc.Size","width":750,"height":1136}},{"__type__":"cc.Node","_name":"bg","_parent":{"__id__":1},"_children":[{"__id__":4},{"__id__":5},{"__id__":6},{"__id__":43},{"__id__":45}],"_level":3,"_components":[{"__type__":"cc.Sprite","node":{"__id__":3},"_materials":[{"__uuid__":"ecpdLyjvZBwrvm+cedCcQy"}],"_spriteFrame":{"__uuid__":"72KG5xWNlFjJQ91jLMOzTP"}}],"_prefab":{"__type__":"cc.PrefabInfo","root":{"__id__":1},"asset":{"__uuid__":"6b3NmcX2lM8LO7LqHoLJ1i"},"fileId":"e17vcqNNBNjqDGAuwBMLoN"},"_contentSize":{"__type__":"cc.Size","width":520,"height":599}},{"__type__":"cc.Node","_name":"close ","_parent":{"__id__":3},"_level":4,"_components":[{"__type__":"cc.Sprite","node":{"__id__":4},"_materials":[{"__uuid__":"ecpdLyjvZBwrvm+cedCcQy"}],"_spriteFrame":{"__uuid__":"00kKhkQbtHFJz7K3YsQRMO"}},{"__type__":"cc.Widget","node":{"__id__":4},"_alignFlags":33,"_right":-4,"_top":-2.9999999999999716},{"__type__":"cc.Button","node":{"__id__":4},"duration":0,"zoomScale":1.1,"clickEvents":[{"__type__":"cc.ClickEvent","target":{"__id__":1},"_componentId":"48c0736ZhlCuZtMHOxwvpsl","handler":"onClickCloseBtn"}],"_N$transition":3,"transition":3}],"_prefab":{"__type__":"cc.PrefabInfo","root":{"__id__":1},"asset":{"__uuid__":"6b3NmcX2lM8LO7LqHoLJ1i"},"fileId":"d9SB/P1hxIqZX5dbhL7UKw"},"_contentSize":{"__type__":"cc.Size","width":78,"height":75},"_position":{"__type__":"cc.Vec3","x":225,"y":265}},{"__type__":"cc.Node","_name":"text","_parent":{"__id__":3},"_level":4,"_components":[{"__type__":"744dcs4DCdNprNhG0xwq6FK","node":{"__id__":5},"_dataID":"label_text.setting"},{"__type__":"cc.Label","node":{"__id__":5},"_materials":[{"__uuid__":"ecpdLyjvZBwrvm+cedCcQy"}],"_string":"label_text.setting","_N$string":"label_text.setting","_fontSize":55,"_lineHeight":70,"_N$horizontalAlign":1,"_N$verticalAlign":1,"_N$overflow":2}],"_prefab":{"__type__":"cc.PrefabInfo","root":{"__id__":1},"asset":{"__uuid__":"6b3NmcX2lM8LO7LqHoLJ1i"},"fileId":"0dk4leD3FPwr2TDCr4nd2D"},"_contentSize":{"__type__":"cc.Size","width":280,"height":88.2},"_position":{"__type__":"cc.Vec3","x":-95,"y":230},"_eulerAngles":{"__type__":"cc.Vec3","z":10}},{"__type__":"cc.Node","_name":"vlayout","_parent":{"__id__":3},"_children":[{"__id__":7},{"__id__":18},{"__id__":29}],"_level":4,"_components":[{"__type__":"cc.Layout","node":{"__id__":6},"_layoutSize":{"__type__":"cc.Size","width":290,"height":30},"_resize":1,"_N$layoutType":2,"_N$spacingY":40}],"_prefab":{"__type__":"cc.PrefabInfo","root":{"__id__":1},"asset":{"__uuid__":"6b3NmcX2lM8LO7LqHoLJ1i"},"fileId":"47E0xtnlxCgIMEp4Xrbf2V"},"_contentSize":{"__type__":"cc.Size","width":290,"height":30}},{"__type__":"cc.Node","_name":"hlayout","_parent":{"__id__":6},"_children":[{"__id__":8},{"__id__":9}],"_active":false,"_level":4,"_components":[{"__type__":"cc.Layout","node":{"__id__":7},"_layoutSize":{"__type__":"cc.Size","width":288,"height":95},"_resize":1,"_N$layoutType":1,"_N$spacingX":50}],"_prefab":{"__type__":"cc.PrefabInfo","root":{"__id__":1},"asset":{"__uuid__":"6b3NmcX2lM8LO7LqHoLJ1i"},"fileId":"dfFXEDt7hF8oBFfISvvMBX"},"_contentSize":{"__type__":"cc.Size","width":288,"height":95},"_position":{"__type__":"cc.Vec3","y":102.5}},{"__type__":"cc.Node","_name":"icon","_parent":{"__id__":7},"_level":4,"_components":[{"__type__":"cc.Sprite","node":{"__id__":8},"_materials":[{"__uuid__":"ecpdLyjvZBwrvm+cedCcQy"}],"_sizeMode":2}],"_prefab":{"__type__":"cc.PrefabInfo","root":{"__id__":1},"asset":{"__uuid__":"6b3NmcX2lM8LO7LqHoLJ1i"},"fileId":"6eIb34p15LnZMVARg6CLjb"},"_contentSize":{"__type__":"cc.Size","width":86,"height":94},"_position":{"__type__":"cc.Vec3","x":-101}},{"__type__":"cc.Node","_name":"musicToggle","_parent":{"__id__":7},"_children":[{"__id__":10},{"__id__":13}],"_level":4,"_components":[{"__id__":17}],"_prefab":{"__type__":"cc.PrefabInfo","root":{"__id__":1},"asset":{"__uuid__":"6b3NmcX2lM8LO7LqHoLJ1i"},"fileId":"08Z/R+aTFHeIBJzu/m95mF"},"_contentSize":{"__type__":"cc.Size","width":152,"height":65},"_position":{"__type__":"cc.Vec3","x":68}},{"__type__":"cc.Node","_name":"Background","_parent":{"__id__":9},"_children":[{"__id__":11},{"__id__":12}],"_components":[{"__type__":"cc.Sprite","node":{"__id__":10},"_materials":[{"__uuid__":"ecpdLyjvZBwrvm+cedCcQy"}],"_sizeMode":2,"_isTrimmedMode":false}],"_prefab":{"__type__":"cc.PrefabInfo","root":{"__id__":1},"asset":{"__uuid__":"6b3NmcX2lM8LO7LqHoLJ1i"},"fileId":"101+asWsVJPaQAzvm26iEr"},"_contentSize":{"__type__":"cc.Size","width":152,"height":65}},{"__type__":"cc.Node","_name":"icon","_parent":{"__id__":10},"_level":1,"_components":[{"__type__":"cc.Sprite","node":{"__id__":11},"_materials":[{"__uuid__":"ecpdLyjvZBwrvm+cedCcQy"}],"_sizeMode":2},{"__type__":"cc.Widget","node":{"__id__":11},"_alignFlags":8}],"_prefab":{"__type__":"cc.PrefabInfo","root":{"__id__":1},"asset":{"__uuid__":"6b3NmcX2lM8LO7LqHoLJ1i"},"fileId":"10/bHO66NK66D/m1IwVAGC"},"_contentSize":{"__type__":"cc.Size","width":81,"height":65},"_position":{"__type__":"cc.Vec3","x":-35.5}},{"__type__":"cc.Node","_name":"off","_parent":{"__id__":10},"_level":1,"_components":[{"__type__":"744dcs4DCdNprNhG0xwq6FK","node":{"__id__":12},"_dataID":"label_text.off"},{"__type__":"cc.Label","node":{"__id__":12},"_materials":[{"__uuid__":"ecpdLyjvZBwrvm+cedCcQy"}],"_useOriginalSize":false,"_string":"label_text.off","_N$string":"label_text.off","_fontSize":25,"_N$horizontalAlign":1,"_N$verticalAlign":1}],"_prefab":{"__type__":"cc.PrefabInfo","root":{"__id__":1},"asset":{"__uuid__":"6b3NmcX2lM8LO7LqHoLJ1i"},"fileId":"dbw/hM4MpBH47/PP8rtNej"},"_contentSize":{"__type__":"cc.Size","width":141.31,"height":50.4},"_position":{"__type__":"cc.Vec3","x":40,"y":-3}},{"__type__":"cc.Node","_name":"checkmark","_parent":{"__id__":9},"_children":[{"__id__":14},{"__id__":15}],"_active":false,"_level":5,"_components":[{"__id__":16}],"_prefab":{"__type__":"cc.PrefabInfo","root":{"__id__":1},"asset":{"__uuid__":"6b3NmcX2lM8LO7LqHoLJ1i"},"fileId":"38+h4PHKNOS4anOSVyEcNd"},"_contentSize":{"__type__":"cc.Size","width":152,"height":65}},{"__type__":"cc.Node","_name":"icon","_parent":{"__id__":13},"_level":1,"_components":[{"__type__":"cc.Sprite","node":{"__id__":14},"_materials":[{"__uuid__":"ecpdLyjvZBwrvm+cedCcQy"}],"_sizeMode":2},{"__type__":"cc.Widget","node":{"__id__":14},"_alignFlags":32}],"_prefab":{"__type__":"cc.PrefabInfo","root":{"__id__":1},"asset":{"__uuid__":"6b3NmcX2lM8LO7LqHoLJ1i"},"fileId":"bdU2IfpP1A35IGaFHcb7oL"},"_contentSize":{"__type__":"cc.Size","width":81,"height":65},"_position":{"__type__":"cc.Vec3","x":35.5}},{"__type__":"cc.Node","_name":"on","_parent":{"__id__":13},"_level":1,"_components":[{"__type__":"744dcs4DCdNprNhG0xwq6FK","node":{"__id__":15},"_dataID":"label_text.on"},{"__type__":"cc.Label","node":{"__id__":15},"_materials":[{"__uuid__":"ecpdLyjvZBwrvm+cedCcQy"}],"_useOriginalSize":false,"_string":"On","_N$string":"On","_fontSize":25,"_isSystemFontUsed":false,"_N$horizontalAlign":1,"_N$verticalAlign":1}],"_prefab":{"__type__":"cc.PrefabInfo","root":{"__id__":1},"asset":{"__uuid__":"6b3NmcX2lM8LO7LqHoLJ1i"},"fileId":"13WNjPPM1Bm67x0fRtRSZ0"},"_contentSize":{"__type__":"cc.Size","width":44.1,"height":50.4},"_position":{"__type__":"cc.Vec3","x":-40,"y":-3}},{"__type__":"cc.Sprite","node":{"__id__":13},"_materials":[{"__uuid__":"ecpdLyjvZBwrvm+cedCcQy"}],"_sizeMode":2,"_isTrimmedMode":false},{"__type__":"cc.Toggle","node":{"__id__":9},"zoomScale":1.1,"_N$normalColor":{"__type__":"cc.Color","r":214,"g":214,"b":214},"_N$target":{"__id__":10},"_N$isChecked":false,"checkMark":{"__id__":16},"checkEvents":[{"__type__":"cc.ClickEvent","target":{"__id__":1},"_componentId":"48c0736ZhlCuZtMHOxwvpsl","handler":"onClickMusicToggleBtn","customEventData":"0"}]},{"__type__":"cc.Node","_name":"hlayout","_parent":{"__id__":6},"_children":[{"__id__":19},{"__id__":20}],"_active":false,"_level":4,"_components":[{"__type__":"cc.Layout","node":{"__id__":18},"_layoutSize":{"__type__":"cc.Size","width":310,"height":95},"_resize":1,"_N$layoutType":1,"_N$spacingX":50}],"_prefab":{"__type__":"cc.PrefabInfo","root":{"__id__":1},"asset":{"__uuid__":"6b3NmcX2lM8LO7LqHoLJ1i"},"fileId":"d5HjAfmmJLwaorzNHe6uUE"},"_contentSize":{"__type__":"cc.Size","width":310,"height":95},"_position":{"__type__":"cc.Vec3","y":35}},{"__type__":"cc.Node","_name":"icon","_parent":{"__id__":18},"_level":4,"_components":[{"__type__":"cc.Sprite","node":{"__id__":19},"_materials":[{"__uuid__":"ecpdLyjvZBwrvm+cedCcQy"}],"_sizeMode":2}],"_prefab":{"__type__":"cc.PrefabInfo","root":{"__id__":1},"asset":{"__uuid__":"6b3NmcX2lM8LO7LqHoLJ1i"},"fileId":"a0gFtgRbNMqJyFL+fXsAm7"},"_contentSize":{"__type__":"cc.Size","width":108,"height":99},"_position":{"__type__":"cc.Vec3","x":-101}},{"__type__":"cc.Node","_name":"effectToggle","_parent":{"__id__":18},"_children":[{"__id__":21},{"__id__":24}],"_level":5,"_components":[{"__id__":28}],"_prefab":{"__type__":"cc.PrefabInfo","root":{"__id__":1},"asset":{"__uuid__":"6b3NmcX2lM8LO7LqHoLJ1i"},"fileId":"39IL9fs79OKpZ6tdobs46H"},"_contentSize":{"__type__":"cc.Size","width":152,"height":65},"_position":{"__type__":"cc.Vec3","x":79}},{"__type__":"cc.Node","_name":"Background","_parent":{"__id__":20},"_children":[{"__id__":22},{"__id__":23}],"_components":[{"__type__":"cc.Sprite","node":{"__id__":21},"_materials":[{"__uuid__":"ecpdLyjvZBwrvm+cedCcQy"}],"_sizeMode":2,"_isTrimmedMode":false}],"_prefab":{"__type__":"cc.PrefabInfo","root":{"__id__":1},"asset":{"__uuid__":"6b3NmcX2lM8LO7LqHoLJ1i"},"fileId":"f2iZPCZ/dB36UTLFNx5v0t"},"_contentSize":{"__type__":"cc.Size","width":152,"height":65}},{"__type__":"cc.Node","_name":"icon","_parent":{"__id__":21},"_level":1,"_components":[{"__type__":"cc.Sprite","node":{"__id__":22},"_materials":[{"__uuid__":"ecpdLyjvZBwrvm+cedCcQy"}],"_sizeMode":2},{"__type__":"cc.Widget","node":{"__id__":22},"_alignFlags":8}],"_prefab":{"__type__":"cc.PrefabInfo","root":{"__id__":1},"asset":{"__uuid__":"6b3NmcX2lM8LO7LqHoLJ1i"},"fileId":"97/QJWJIRI+56OCGdTkSup"},"_contentSize":{"__type__":"cc.Size","width":81,"height":65},"_position":{"__type__":"cc.Vec3","x":-35.5}},{"__type__":"cc.Node","_name":"off","_parent":{"__id__":21},"_level":1,"_components":[{"__type__":"744dcs4DCdNprNhG0xwq6FK","node":{"__id__":23},"_dataID":"label_text.off"},{"__type__":"cc.Label","node":{"__id__":23},"_materials":[{"__uuid__":"ecpdLyjvZBwrvm+cedCcQy"}],"_useOriginalSize":false,"_string":"label_text.off","_N$string":"label_text.off","_fontSize":25,"_N$horizontalAlign":1,"_N$verticalAlign":1}],"_prefab":{"__type__":"cc.PrefabInfo","root":{"__id__":1},"asset":{"__uuid__":"6b3NmcX2lM8LO7LqHoLJ1i"},"fileId":"24UyXQYd9PaIjF+7sk9LGW"},"_contentSize":{"__type__":"cc.Size","width":141.31,"height":50.4},"_position":{"__type__":"cc.Vec3","x":40,"y":-3}},{"__type__":"cc.Node","_name":"checkmark","_parent":{"__id__":20},"_children":[{"__id__":25},{"__id__":26}],"_level":5,"_components":[{"__id__":27}],"_prefab":{"__type__":"cc.PrefabInfo","root":{"__id__":1},"asset":{"__uuid__":"6b3NmcX2lM8LO7LqHoLJ1i"},"fileId":"f253XgiuRHo5Zi3+Kqwcqr"},"_contentSize":{"__type__":"cc.Size","width":152,"height":65}},{"__type__":"cc.Node","_name":"icon","_parent":{"__id__":24},"_level":1,"_components":[{"__type__":"cc.Sprite","node":{"__id__":25},"_materials":[{"__uuid__":"ecpdLyjvZBwrvm+cedCcQy"}],"_sizeMode":2},{"__type__":"cc.Widget","node":{"__id__":25},"_alignFlags":32}],"_prefab":{"__type__":"cc.PrefabInfo","root":{"__id__":1},"asset":{"__uuid__":"6b3NmcX2lM8LO7LqHoLJ1i"},"fileId":"1bl0L28QtJ3rKI1YbEm0JD"},"_contentSize":{"__type__":"cc.Size","width":81,"height":65},"_position":{"__type__":"cc.Vec3","x":35.5}},{"__type__":"cc.Node","_name":"on","_parent":{"__id__":24},"_level":1,"_components":[{"__type__":"744dcs4DCdNprNhG0xwq6FK","node":{"__id__":26},"_dataID":"label_text.on"},{"__type__":"cc.Label","node":{"__id__":26},"_materials":[{"__uuid__":"ecpdLyjvZBwrvm+cedCcQy"}],"_useOriginalSize":false,"_string":"label_text.on","_N$string":"label_text.on","_fontSize":25,"_N$horizontalAlign":1,"_N$verticalAlign":1}],"_prefab":{"__type__":"cc.PrefabInfo","root":{"__id__":1},"asset":{"__uuid__":"6b3NmcX2lM8LO7LqHoLJ1i"},"fileId":"efDrlQ5yhMFbCzil+tnXXo"},"_contentSize":{"__type__":"cc.Size","width":141.77,"height":50.4},"_position":{"__type__":"cc.Vec3","x":-40,"y":-3}},{"__type__":"cc.Sprite","node":{"__id__":24},"_materials":[{"__uuid__":"ecpdLyjvZBwrvm+cedCcQy"}],"_sizeMode":2,"_isTrimmedMode":false},{"__type__":"cc.Toggle","node":{"__id__":20},"zoomScale":1.1,"_N$normalColor":{"__type__":"cc.Color","r":214,"g":214,"b":214},"_N$target":{"__id__":21},"checkMark":{"__id__":27},"checkEvents":[{"__type__":"cc.ClickEvent","target":{"__id__":1},"_componentId":"48c0736ZhlCuZtMHOxwvpsl","handler":"onClickEffectToggleBtn","customEventData":"1"}]},{"__type__":"cc.Node","_name":"combobox","_parent":{"__id__":6},"_children":[{"__id__":30},{"__id__":31},{"__id__":32},{"__id__":34}],"_level":5,"_components":[{"__type__":"cc.Button","node":{"__id__":29},"zoomScale":1.1,"clickEvents":[{"__type__":"cc.ClickEvent","target":{"__id__":29},"_componentId":"133eeb3BdFEWJY2+XYBOhAK","handler":"onClickItemBtn"}],"_N$pressedColor":{"__type__":"cc.Color","r":255,"g":255,"b":255},"pressedColor":{"__type__":"cc.Color","r":255,"g":255,"b":255},"_N$hoverColor":{"__type__":"cc.Color","r":75,"g":75,"b":75},"hoverColor":{"__type__":"cc.Color","r":75,"g":75,"b":75},"_N$disabledColor":{"__type__":"cc.Color","r":120,"g":120,"b":120,"a":200},"_N$normalSprite":{"__uuid__":"f0BIwQ8D5Ml7nTNQbh1YlS"},"_N$pressedSprite":{"__uuid__":"e97GVMl6JHh5Ml5qEDdSGa"},"pressedSprite":{"__uuid__":"e97GVMl6JHh5Ml5qEDdSGa"},"_N$hoverSprite":{"__uuid__":"f0BIwQ8D5Ml7nTNQbh1YlS"},"hoverSprite":{"__uuid__":"f0BIwQ8D5Ml7nTNQbh1YlS"},"_N$disabledSprite":{"__uuid__":"29FYIk+N1GYaeWH/q1NxQO"},"_N$target":{"__id__":30}},{"__type__":"133eeb3BdFEWJY2+XYBOhAK","node":{"__id__":29},"triangle":{"__id__":31},"comboLabel":{"__id__":33},"dropDown":{"__id__":34},"vLayoutNode":{"__id__":42},"contentNode":{"__id__":40},"itemPrefab":{"__uuid__":"e7DqQwUCpI2Y5Ua/sJ1jwg"}}],"_prefab":{"__type__":"cc.PrefabInfo","root":{"__id__":1},"asset":{"__uuid__":"6b3NmcX2lM8LO7LqHoLJ1i"},"fileId":"3a5fly4vRAWJ3tttYfKulX"},"_contentSize":{"__type__":"cc.Size","width":200,"height":30},"_anchorPoint":{"__type__":"cc.Vec2","x":0.5},"_position":{"__type__":"cc.Vec3","y":-15}},{"__type__":"cc.Node","_name":"background","_parent":{"__id__":29},"_components":[{"__type__":"cc.Sprite","node":{"__id__":30},"_materials":[{"__uuid__":"ecpdLyjvZBwrvm+cedCcQy"}],"_spriteFrame":{"__uuid__":"55fG8OyPBN2ot3sKY8EdP+"},"_type":1,"_sizeMode":0},{"__type__":"cc.Widget","node":{"__id__":30},"alignMode":0,"_alignFlags":45,"_originalWidth":100,"_originalHeight":40}],"_prefab":{"__type__":"cc.PrefabInfo","root":{"__id__":1},"asset":{"__uuid__":"6b3NmcX2lM8LO7LqHoLJ1i"},"fileId":"0cS1Fm5rRDWZ2TYvJAfyDe"},"_contentSize":{"__type__":"cc.Size","width":200,"height":30},"_position":{"__type__":"cc.Vec3","y":15}},{"__type__":"cc.Node","_name":"triangle","_parent":{"__id__":29},"_components":[{"__type__":"cc.Sprite","node":{"__id__":31},"_materials":[{"__uuid__":"ecpdLyjvZBwrvm+cedCcQy"}],"_sizeMode":0},{"__type__":"cc.Widget","node":{"__id__":31},"_alignFlags":34,"_right":0.08,"_isAbsRight":false}],"_prefab":{"__type__":"cc.PrefabInfo","root":{"__id__":1},"asset":{"__uuid__":"6b3NmcX2lM8LO7LqHoLJ1i"},"fileId":"7dyUjATD9FJbQePupl+zbO"},"_contentSize":{"__type__":"cc.Size","width":20,"height":20},"_position":{"__type__":"cc.Vec3","x":74,"y":15},"_eulerAngles":{"__type__":"cc.Vec3","z":90}},{"__type__":"cc.Node","_name":"label","_parent":{"__id__":29},"_components":[{"__id__":33},{"__type__":"cc.Widget","node":{"__id__":32},"_alignFlags":10,"_left":0.04,"_isAbsLeft":false}],"_prefab":{"__type__":"cc.PrefabInfo","root":{"__id__":1},"asset":{"__uuid__":"6b3NmcX2lM8LO7LqHoLJ1i"},"fileId":"95LbKpIQFFLL/QgO46tcjE"},"_contentSize":{"__type__":"cc.Size","width":148.28,"height":28.98},"_position":{"__type__":"cc.Vec3","x":-17.86,"y":15}},{"__type__":"cc.Label","node":{"__id__":32},"_materials":[{"__uuid__":"ecpdLyjvZBwrvm+cedCcQy"}],"_string":"English","_N$string":"English","_fontSize":23,"_lineHeight":23,"_N$verticalAlign":1,"_N$overflow":2},{"__type__":"cc.Node","_name":"dropDown","_parent":{"__id__":29},"_children":[{"__id__":35},{"__id__":41}],"_active":false,"_components":[{"__type__":"cc.Sprite","node":{"__id__":34},"_enabled":false,"_materials":[{"__uuid__":"ecpdLyjvZBwrvm+cedCcQy"}],"_spriteFrame":{"__uuid__":"9bvaMerUlDyary99mJa6xp"},"_type":1,"_sizeMode":0},{"__id__":39}],"_prefab":{"__type__":"cc.PrefabInfo","root":{"__id__":1},"asset":{"__uuid__":"6b3NmcX2lM8LO7LqHoLJ1i"},"fileId":"eeXuLzjjBLK4YnDP5Fy86N"},"_contentSize":{"__type__":"cc.Size","width":190,"height":200},"_anchorPoint":{"__type__":"cc.Vec2","x":0.5,"y":1}},{"__type__":"cc.Node","_name":"scrollBar","_parent":{"__id__":34},"_children":[{"__id__":36}],"_components":[{"__id__":38},{"__type__":"cc.Widget","node":{"__id__":35},"alignMode":0,"_alignFlags":37,"_left":350.07654921020657,"_originalHeight":237},{"__type__":"cc.Sprite","node":{"__id__":35},"_materials":[{"__uuid__":"ecpdLyjvZBwrvm+cedCcQy"}],"_spriteFrame":{"__uuid__":"5f5dyqtRNNxaFmVzYns6FZ"},"_type":1,"_sizeMode":0}],"_prefab":{"__type__":"cc.PrefabInfo","root":{"__id__":1},"asset":{"__uuid__":"6b3NmcX2lM8LO7LqHoLJ1i"},"fileId":"606WddjsVDjK3ORNtA9ct5"},"_contentSize":{"__type__":"cc.Size","width":8,"height":200},"_anchorPoint":{"__type__":"cc.Vec2","x":1,"y":0.5}},{"__type__":"cc.Node","_name":"bar","_parent":{"__id__":35},"_components":[{"__id__":37}],"_prefab":{"__type__":"cc.PrefabInfo","root":{"__id__":1},"asset":{"__uuid__":"6b3NmcX2lM8LO7LqHoLJ1i"},"fileId":"50tMNpWx5Ej64w5AMMDnTF"},"_contentSize":{"__type__":"cc.Size","width":6,"height":30},"_anchorPoint":{"__type__":"cc.Vec2","x":1}},{"__type__":"cc.Sprite","node":{"__id__":36},"_materials":[{"__uuid__":"ecpdLyjvZBwrvm+cedCcQy"}],"_spriteFrame":{"__uuid__":"5cO7kybDxGj4ipyMYdRYZB"},"_type":1,"_sizeMode":0},{"__type__":"cc.Scrollbar","node":{"__id__":35},"_scrollView":{"__id__":39},"_N$handle":{"__id__":37},"_N$direction":1},{"__type__":"cc.ScrollView","node":{"__id__":34},"horizontal":false,"brake":0.75,"bounceDuration":0.23,"_N$content":{"__id__":40},"content":{"__id__":40},"_N$horizontalScrollBar":null,"_N$verticalScrollBar":{"__id__":38}},{"__type__":"cc.Node","_name":"content","_parent":{"__id__":41},"_children":[{"__id__":42}],"_prefab":{"__type__":"cc.PrefabInfo","root":{"__id__":1},"asset":{"__uuid__":"6b3NmcX2lM8LO7LqHoLJ1i"},"fileId":"81WdMhPHNAbLmkURRBhKna"},"_contentSize":{"__type__":"cc.Size","width":190,"height":200},"_anchorPoint":{"__type__":"cc.Vec2","x":0.5,"y":1}},{"__type__":"cc.Node","_name":"view","_parent":{"__id__":34},"_children":[{"__id__":40}],"_components":[{"__type__":"cc.Mask","node":{"__id__":41},"_materials":[{"__uuid__":"ecpdLyjvZBwrvm+cedCcQy"}]}],"_prefab":{"__type__":"cc.PrefabInfo","root":{"__id__":1},"asset":{"__uuid__":"6b3NmcX2lM8LO7LqHoLJ1i"},"fileId":"8eENRud5pL+50RvvRtbtDv"},"_contentSize":{"__type__":"cc.Size","width":190,"height":200},"_anchorPoint":{"__type__":"cc.Vec2","x":0.5,"y":1}},{"__type__":"cc.Node","_name":"vLayout","_parent":{"__id__":40},"_components":[{"__type__":"cc.Sprite","node":{"__id__":42},"_materials":[{"__uuid__":"ecpdLyjvZBwrvm+cedCcQy"}],"_type":1,"_sizeMode":0},{"__type__":"cc.Layout","node":{"__id__":42},"_layoutSize":{"__type__":"cc.Size","width":190,"height":40},"_resize":1,"_N$layoutType":2}],"_prefab":{"__type__":"cc.PrefabInfo","root":{"__id__":1},"asset":{"__uuid__":"6b3NmcX2lM8LO7LqHoLJ1i"},"fileId":"baqd/M9JBJX4pcaLRU8F5y"},"_contentSize":{"__type__":"cc.Size","width":190,"height":40},"_anchorPoint":{"__type__":"cc.Vec2","x":0.5,"y":1}},{"__type__":"cc.Node","_name":"resetBtn","_parent":{"__id__":3},"_children":[{"__id__":44}],"_active":false,"_level":4,"_components":[{"__type__":"cc.Button","node":{"__id__":43},"clickEvents":[{"__type__":"cc.ClickEvent","target":{"__id__":1},"_componentId":"48c0736ZhlCuZtMHOxwvpsl","handler":"onClickResetBtn"}],"_N$transition":2,"transition":2,"_N$normalColor":{"__type__":"cc.Color","r":230,"g":230,"b":230},"_N$pressedColor":{"__type__":"cc.Color","r":200,"g":200,"b":200},"pressedColor":{"__type__":"cc.Color","r":200,"g":200,"b":200},"_N$disabledColor":{"__type__":"cc.Color","r":120,"g":120,"b":120,"a":200},"_N$target":{"__id__":43}},{"__type__":"cc.Sprite","node":{"__id__":43},"_materials":[{"__uuid__":"ecpdLyjvZBwrvm+cedCcQy"}]}],"_prefab":{"__type__":"cc.PrefabInfo","root":{"__id__":1},"asset":{"__uuid__":"6b3NmcX2lM8LO7LqHoLJ1i"},"fileId":"9bJmzuRsxPE5JEkMTBJXw9"},"_contentSize":{"__type__":"cc.Size","width":486,"height":187},"_position":{"__type__":"cc.Vec3","y":-169.722},"_scale":{"__type__":"cc.Vec3","x":0.5,"y":0.5,"z":1}},{"__type__":"cc.Node","_name":"label","_parent":{"__id__":43},"_level":5,"_components":[{"__type__":"cc.Label","node":{"__id__":44},"_materials":[{"__uuid__":"ecpdLyjvZBwrvm+cedCcQy"}],"_useOriginalSize":false,"_string":"Restore Data","_N$string":"Restore Data","_fontSize":35,"_lineHeight":60,"_isSystemFontUsed":false,"_N$horizontalAlign":1,"_N$verticalAlign":1}],"_prefab":{"__type__":"cc.PrefabInfo","root":{"__id__":1},"asset":{"__uuid__":"6b3NmcX2lM8LO7LqHoLJ1i"},"fileId":"ca7N1oaFxAJY0EwvC1cXqm"},"_color":{"__type__":"cc.Color"},"_contentSize":{"__type__":"cc.Size","width":390.43,"height":75.6},"_position":{"__type__":"cc.Vec3","x":-2,"y":-8}},{"__type__":"cc.Node","_name":"version","_parent":{"__id__":3},"_level":4,"_components":[{"__id__":46},{"__type__":"cc.Widget","node":{"__id__":45},"_alignFlags":4,"_left":213.905,"_top":541.9,"_bottom":46.900000000000006}],"_prefab":{"__type__":"cc.PrefabInfo","root":{"__id__":1},"asset":{"__uuid__":"6b3NmcX2lM8LO7LqHoLJ1i"},"fileId":"b607ieXoVJ/4OtGsS8FZ6l"},"_contentSize":{"__type__":"cc.Size","height":25.2},"_position":{"__type__":"cc.Vec3","y":-240}},{"__type__":"cc.Label","node":{"__id__":45},"_materials":[{"__uuid__":"ecpdLyjvZBwrvm+cedCcQy"}],"_useOriginalSize":false,"_fontSize":20,"_lineHeight":20,"_N$horizontalAlign":1,"_N$verticalAlign":1}],{"__type__":"cc.SpriteFrame","content":{"name":"setting bg","texture":"191c347df","rect":[429,3,520,599],"offset":[0,0],"originalSize":[520,599],"capInsets":[0,0,0,0]}},{"__type__":"cc.SpriteFrame","content":{"name":"singleColor","texture":"40AzQKgEpN+JTFJTVSp35y","rect":[0,0,2,2],"offset":[0,0],"originalSize":[2,2],"capInsets":[0,0,0,0]}},{"__type__":"cc.SpriteFrame","content":{"name":"default_panel","texture":"d8HsitJHxOYqo801xBk8ev","rect":[0,0,20,20],"offset":[0,0],"originalSize":[20,20],"capInsets":[6,6,6,6]}},[{"__type__":"cc.Prefab","_name":"labelBtnItem","data":{"__id__":1}},{"__type__":"cc.Node","_name":"labelBtnItem","_children":[{"__id__":2}],"_level":1,"_components":[{"__type__":"cc.Button","node":{"__id__":1},"clickEvents":[{"__type__":"cc.ClickEvent","target":{"__id__":1},"_componentId":"63015ztVsdNVoLv7+UmBbiE","handler":"onClickItemBtn"}],"_N$transition":3,"transition":3,"_N$normalColor":{"__type__":"cc.Color","r":230,"g":230,"b":230},"_N$pressedColor":{"__type__":"cc.Color","r":200,"g":200,"b":200},"pressedColor":{"__type__":"cc.Color","r":200,"g":200,"b":200},"_N$disabledColor":{"__type__":"cc.Color","r":120,"g":120,"b":120,"a":200},"_N$normalSprite":{"__uuid__":"f0BIwQ8D5Ml7nTNQbh1YlS"},"_N$pressedSprite":{"__uuid__":"e97GVMl6JHh5Ml5qEDdSGa"},"pressedSprite":{"__uuid__":"e97GVMl6JHh5Ml5qEDdSGa"},"_N$hoverSprite":{"__uuid__":"f0BIwQ8D5Ml7nTNQbh1YlS"},"hoverSprite":{"__uuid__":"f0BIwQ8D5Ml7nTNQbh1YlS"},"_N$disabledSprite":{"__uuid__":"29FYIk+N1GYaeWH/q1NxQO"}},{"__type__":"63015ztVsdNVoLv7+UmBbiE","node":{"__id__":1},"label":{"__id__":3}}],"_prefab":{"__type__":"cc.PrefabInfo","root":{"__id__":1},"asset":{"__uuid__":"e7DqQwUCpI2Y5Ua/sJ1jwg"},"fileId":"29yP7QTqhO94Yv3b301o6q"},"_contentSize":{"__type__":"cc.Size","width":190,"height":40}},{"__type__":"cc.Node","_name":"Label","_parent":{"__id__":1},"_components":[{"__id__":3},{"__type__":"cc.Widget","node":{"__id__":2},"_alignFlags":10,"_left":-8.030941606174125e-9,"_isAbsLeft":false}],"_prefab":{"__type__":"cc.PrefabInfo","root":{"__id__":1},"asset":{"__uuid__":"e7DqQwUCpI2Y5Ua/sJ1jwg"},"fileId":"99OjsYdbFPVYq5Ey0TXVlc"},"_color":{"__type__":"cc.Color"},"_contentSize":{"__type__":"cc.Size","width":190,"height":40},"_position":{"__type__":"cc.Vec3","x":-0.0000015258789005656581}},{"__type__":"cc.Label","node":{"__id__":2},"_materials":[{"__uuid__":"ecpdLyjvZBwrvm+cedCcQy"}],"_useOriginalSize":false,"_string":"button","_N$string":"button","_fontSize":23,"_lineHeight":23,"_enableWrapText":false,"_N$verticalAlign":1,"_N$overflow":1}],{"__type__":"cc.SpriteFrame","content":{"name":"default_btn_pressed","texture":"b4P/PCArtIdIH38t6mlw8Y","rect":[0,0,40,40],"offset":[0,0],"originalSize":[40,40],"capInsets":[12,12,12,12]}},{"__type__":"cc.SpriteFrame","content":{"name":"default_btn_normal","texture":"e8Ueib+qJEhL6mXAHdnwbi","rect":[0,0,40,40],"offset":[0,0],"originalSize":[40,40],"capInsets":[12,12,12,12]}}]